method,branch,run,split,task,task_type,overall_split_loss,task_loss,score_name,score_value,mae,rmse,r2,acc,auroc,n_samples,source
Stage A,stage_a,20260305_210307,train,energy_per_atom,regression,0.1454381825901121,0.08716087097173558,r2,0.9788929224014282,0.184801384806633,1.155160665512085,0.9788929224014282,,,123902,reports/gpt_eval_20260305_210307/results.json
Stage A,stage_a,20260305_210307,train,formation_energy_per_atom,regression,0.1454381825901121,0.005243670837312529,r2,0.9924898743629456,0.06960029155015945,0.1042088121175766,0.9924898743629456,,,123902,reports/gpt_eval_20260305_210307/results.json
Stage A,stage_a,20260305_210307,train,energy_above_hull,regression,0.1454381825901121,0.00456931904098394,r2,0.9535954594612122,0.056753113865852356,0.09752045571804047,0.9535954594612122,,,123902,reports/gpt_eval_20260305_210307/results.json
Stage A,stage_a,20260305_210307,train,band_gap,regression,0.1454381825901121,0.03501977335451191,r2,0.9646161794662476,0.14333708584308624,0.28431445360183716,0.9646161794662476,,,123902,reports/gpt_eval_20260305_210307/results.json
Stage A,stage_a,20260305_210307,train,cbm,regression,0.1454381825901121,0.03492951992972498,r2,0.9854729771614075,0.18612736463546753,0.27675488591194153,0.9854729771614075,,,71574,reports/gpt_eval_20260305_210307/results.json
Stage A,stage_a,20260305_210307,train,vbm,regression,0.1454381825901121,0.02957385297621197,r2,0.9887460470199585,0.170108363032341,0.25368109345436096,0.9887460470199585,,,71574,reports/gpt_eval_20260305_210307/results.json
Stage A,stage_a,20260305_210307,train,efermi,regression,0.1454381825901121,0.12645323891657442,r2,0.9473735094070435,0.3167332410812378,0.6343263983726501,0.9473735094070435,,,123856,reports/gpt_eval_20260305_210307/results.json
Stage A,stage_a,20260305_210307,train,is_metal,classification,0.1454381825901121,0.0911074247204845,acc,0.9639553840938806,,,,0.9639553840938806,0.994995130646411,123902,reports/gpt_eval_20260305_210307/results.json
Stage A,stage_a,20260305_210307,val,energy_per_atom,regression,0.22256176102377992,0.2437168059752381,r2,0.937314510345459,0.36063316464424133,1.9918893575668335,0.937314510345459,,,15487,reports/gpt_eval_20260305_210307/results.json
Stage A,stage_a,20260305_210307,val,formation_energy_per_atom,regression,0.22256176102377992,0.00836881628058477,r2,0.9879792928695679,0.07995843142271042,0.13153977692127228,0.9879792928695679,,,15487,reports/gpt_eval_20260305_210307/results.json
Stage A,stage_a,20260305_210307,val,energy_above_hull,regression,0.22256176102377992,0.0075748570700824025,r2,0.9237242937088013,0.06442540138959885,0.12607532739639282,0.9237242937088013,,,15487,reports/gpt_eval_20260305_210307/results.json
Stage A,stage_a,20260305_210307,val,band_gap,regression,0.22256176102377992,0.08680182226604792,r2,0.9038417935371399,0.23080265522003174,0.46485739946365356,0.9038417935371399,,,15487,reports/gpt_eval_20260305_210307/results.json
Stage A,stage_a,20260305_210307,val,cbm,regression,0.22256176102377992,0.08724850502368266,r2,0.9625051617622375,0.2920956611633301,0.44632357358932495,0.9625051617622375,,,8836,reports/gpt_eval_20260305_210307/results.json
Stage A,stage_a,20260305_210307,val,vbm,regression,0.22256176102377992,0.07082828740150568,r2,0.9722083210945129,0.2593720555305481,0.3980843126773834,0.9722083210945129,,,8836,reports/gpt_eval_20260305_210307/results.json
Stage A,stage_a,20260305_210307,val,efermi,regression,0.22256176102377992,0.16042175738724632,r2,0.9344721436500549,0.3833726644515991,0.7038925290107727,0.9344721436500549,,,15485,reports/gpt_eval_20260305_210307/results.json
Stage A,stage_a,20260305_210307,val,is_metal,classification,0.22256176102377992,0.33688997959136274,acc,0.8901659456318203,,,,0.8901659456318203,0.9575256498319535,15487,reports/gpt_eval_20260305_210307/results.json
Stage A,stage_a,20260305_210307,test,energy_per_atom,regression,0.22226693246545354,0.21983122532701285,r2,0.9461311101913452,0.33546969294548035,1.8475874662399292,0.9461311101913452,,,15489,reports/gpt_eval_20260305_210307/results.json
Stage A,stage_a,20260305_210307,test,formation_energy_per_atom,regression,0.22226693246545354,0.00856940973298742,r2,0.9871681928634644,0.08089624345302582,0.136343851685524,0.9871681928634644,,,15489,reports/gpt_eval_20260305_210307/results.json
Stage A,stage_a,20260305_210307,test,energy_above_hull,regression,0.22226693246545354,0.007379292499372297,r2,0.9210643768310547,0.06419197469949722,0.1275736391544342,0.9210643768310547,,,15489,reports/gpt_eval_20260305_210307/results.json
Stage A,stage_a,20260305_210307,test,band_gap,regression,0.22226693246545354,0.09029530845011174,r2,0.9038799405097961,0.23789192736148834,0.4729164242744446,0.9038799405097961,,,15489,reports/gpt_eval_20260305_210307/results.json
Stage A,stage_a,20260305_210307,test,cbm,regression,0.22226693246545354,0.08924353438302257,r2,0.9607032537460327,0.2959364354610443,0.45267248153686523,0.9607032537460327,,,8928,reports/gpt_eval_20260305_210307/results.json
Stage A,stage_a,20260305_210307,test,vbm,regression,0.22226693246545354,0.0731905286609527,r2,0.9713103771209717,0.2642629146575928,0.4031386971473694,0.9713103771209717,,,8928,reports/gpt_eval_20260305_210307/results.json
Stage A,stage_a,20260305_210307,test,efermi,regression,0.22226693246545354,0.16740883048602942,r2,0.9349920749664307,0.3929590582847595,0.7114208936691284,0.9349920749664307,,,15483,reports/gpt_eval_20260305_210307/results.json
Stage A,stage_a,20260305_210307,test,is_metal,classification,0.22226693246545354,0.3289095228319323,acc,0.8934727871392601,,,,0.8934727871392601,0.958124722103697,15489,reports/gpt_eval_20260305_210307/results.json
Stage A PyG,stage_a,20260308_182946,train,energy_per_atom,regression,0.15129613064869482,0.09866026022712862,r2,0.9766378402709961,0.20395824313163757,1.215303659439087,0.9766378402709961,,,123902,reports/gpt_eval_20260308_182946/results.json
Stage A PyG,stage_a,20260308_182946,train,formation_energy_per_atom,regression,0.15129613064869482,0.005636636570088882,r2,0.9919000864028931,0.07195218652486801,0.10822337120771408,0.9919000864028931,,,123902,reports/gpt_eval_20260308_182946/results.json
Stage A PyG,stage_a,20260308_182946,train,energy_above_hull,regression,0.15129613064869482,0.004872899583449116,r2,0.9500329494476318,0.05736216902732849,0.10119463503360748,0.9500329494476318,,,123902,reports/gpt_eval_20260308_182946/results.json
Stage A PyG,stage_a,20260308_182946,train,band_gap,regression,0.15129613064869482,0.03773994535614253,r2,0.961113452911377,0.14944107830524445,0.29805493354797363,0.961113452911377,,,123902,reports/gpt_eval_20260308_182946/results.json
Stage A PyG,stage_a,20260308_182946,train,cbm,regression,0.15129613064869482,0.037341933373371654,r2,0.9843131303787231,0.19290995597839355,0.2875910699367523,0.9843131303787231,,,71574,reports/gpt_eval_20260308_182946/results.json
Stage A PyG,stage_a,20260308_182946,train,vbm,regression,0.15129613064869482,0.03220966584466412,r2,0.9876893758773804,0.17804090678691864,0.26532337069511414,0.9876893758773804,,,71574,reports/gpt_eval_20260308_182946/results.json
Stage A PyG,stage_a,20260308_182946,train,efermi,regression,0.15129613064869482,0.12968462374602927,r2,0.9453822374343872,0.31746381521224976,0.6462157964706421,0.9453822374343872,,,123856,reports/gpt_eval_20260308_182946/results.json
Stage A PyG,stage_a,20260308_182946,train,is_metal,classification,0.15129613064869482,0.10016667259508828,acc,0.9607593097770819,,,,0.9607593097770819,0.993812785879841,123902,reports/gpt_eval_20260308_182946/results.json
Stage A PyG,stage_a,20260308_182946,val,energy_per_atom,regression,0.21980379545173434,0.24047065932812464,r2,0.9405210018157959,0.36173492670059204,1.9402765035629272,0.9405210018157959,,,15487,reports/gpt_eval_20260308_182946/results.json
Stage A PyG,stage_a,20260308_182946,val,formation_energy_per_atom,regression,0.21980379545173434,0.00855576928343041,r2,0.9875566959381104,0.08162558823823929,0.13383181393146515,0.9875566959381104,,,15487,reports/gpt_eval_20260308_182946/results.json
Stage A PyG,stage_a,20260308_182946,val,energy_above_hull,regression,0.21980379545173434,0.007424288114409075,r2,0.9240787029266357,0.06389167904853821,0.1257820725440979,0.9240787029266357,,,15487,reports/gpt_eval_20260308_182946/results.json
Stage A PyG,stage_a,20260308_182946,val,band_gap,regression,0.21980379545173434,0.08289096776997622,r2,0.9085443615913391,0.22575929760932922,0.4533480405807495,0.9085443615913391,,,15487,reports/gpt_eval_20260308_182946/results.json
Stage A PyG,stage_a,20260308_182946,val,cbm,regression,0.21980379545173434,0.08838302572779479,r2,0.9618206024169922,0.2931611239910126,0.45037952065467834,0.9618206024169922,,,8836,reports/gpt_eval_20260308_182946/results.json
Stage A PyG,stage_a,20260308_182946,val,vbm,regression,0.21980379545173434,0.06830370533068231,r2,0.97291100025177,0.25385212898254395,0.39301949739456177,0.97291100025177,,,8836,reports/gpt_eval_20260308_182946/results.json
Stage A PyG,stage_a,20260308_182946,val,efermi,regression,0.21980379545173434,0.15942465955059593,r2,0.9335944652557373,0.37560972571372986,0.7085906267166138,0.9335944652557373,,,15485,reports/gpt_eval_20260308_182946/results.json
Stage A PyG,stage_a,20260308_182946,val,is_metal,classification,0.21980379545173434,0.300367421835008,acc,0.8972041066701104,,,,0.8972041066701104,0.9621239264172796,15487,reports/gpt_eval_20260308_182946/results.json
Stage A PyG,stage_a,20260308_182946,test,energy_per_atom,regression,0.2253165930080614,0.24486988714407878,r2,0.9358066916465759,0.36649104952812195,2.016883373260498,0.9358066916465759,,,15489,reports/gpt_eval_20260308_182946/results.json
Stage A PyG,stage_a,20260308_182946,test,formation_energy_per_atom,regression,0.2253165930080614,0.008752467879103174,r2,0.9869441390037537,0.08234050124883652,0.13752910494804382,0.9869441390037537,,,15489,reports/gpt_eval_20260308_182946/results.json
Stage A PyG,stage_a,20260308_182946,test,energy_above_hull,regression,0.2253165930080614,0.007506946400804957,r2,0.9210593700408936,0.06429481506347656,0.12757767736911774,0.9210593700408936,,,15489,reports/gpt_eval_20260308_182946/results.json
Stage A PyG,stage_a,20260308_182946,test,band_gap,regression,0.2253165930080614,0.09107256292441615,r2,0.9015843868255615,0.23863346874713898,0.47853028774261475,0.9015843868255615,,,15489,reports/gpt_eval_20260308_182946/results.json
Stage A PyG,stage_a,20260308_182946,test,cbm,regression,0.2253165930080614,0.09056644504972113,r2,0.9604846239089966,0.2978484034538269,0.45392999053001404,0.9604846239089966,,,8928,reports/gpt_eval_20260308_182946/results.json
Stage A PyG,stage_a,20260308_182946,test,vbm,regression,0.2253165930080614,0.07095824657891736,r2,0.9721518158912659,0.26034292578697205,0.3971830904483795,0.9721518158912659,,,8928,reports/gpt_eval_20260308_182946/results.json
Stage A PyG,stage_a,20260308_182946,test,efermi,regression,0.2253165930080614,0.1663592423166873,r2,0.9344453811645508,0.3858606815338135,0.7144061326980591,0.9344453811645508,,,15483,reports/gpt_eval_20260308_182946/results.json
Stage A PyG,stage_a,20260308_182946,test,is_metal,classification,0.2253165930080614,0.31963764944857187,acc,0.8932791012976952,,,,0.8932791012976952,0.9586397571431527,15489,reports/gpt_eval_20260308_182946/results.json
v1,stage_b,20260307_185342,train,energy_per_atom,regression,1.0942326131418032,1.392639640006893,r2,0.7220388650894165,1.6698554754257202,4.191991329193115,0.7220388650894165,,,123902,reports/gpt_eval_20260307_185342/results.json
v1,stage_b,20260307_185342,train,formation_energy_per_atom,regression,1.0942326131418032,0.0493217842771151,r2,0.9171854257583618,0.21083924174308777,0.3460465371608734,0.9171854257583618,,,123902,reports/gpt_eval_20260307_185342/results.json
v1,stage_b,20260307_185342,train,energy_above_hull,regression,1.0942326131418032,0.029187021940318088,r2,0.590595006942749,0.11954779177904129,0.2896624207496643,0.590595006942749,,,123902,reports/gpt_eval_20260307_185342/results.json
v1,stage_b,20260307_185342,train,band_gap,regression,1.0942326131418032,0.2897703278300585,r2,0.6577595472335815,0.5430678129196167,0.8842239379882812,0.6577595472335815,,,123902,reports/gpt_eval_20260307_185342/results.json
v1,stage_b,20260307_185342,train,cbm,regression,1.0942326131418032,0.2765982697926692,r2,0.8677959442138672,0.591057300567627,0.8348904252052307,0.8677959442138672,,,71574,reports/gpt_eval_20260307_185342/results.json
v1,stage_b,20260307_185342,train,vbm,regression,1.0942326131418032,0.19797878562917393,r2,0.9161019921302795,0.4789981245994568,0.6926466822624207,0.9161019921302795,,,71574,reports/gpt_eval_20260307_185342/results.json
v1,stage_b,20260307_185342,train,efermi,regression,1.0942326131418032,0.30990727678936064,r2,0.8855406045913696,0.6195996999740601,0.935483992099762,0.8855406045913696,,,123856,reports/gpt_eval_20260307_185342/results.json
v1,stage_b,20260307_185342,train,bulk_modulus_vrh,regression,1.0942326131418032,2.8352160245054656,r2,0.9660238027572632,3.2653467655181885,13.920607566833496,0.9660238027572632,,,10217,reports/gpt_eval_20260307_185342/results.json
v1,stage_b,20260307_185342,train,shear_modulus_vrh,regression,1.0942326131418032,4.50508167288136,r2,0.7177005410194397,4.932717800140381,27.67024803161621,0.7177005410194397,,,9685,reports/gpt_eval_20260307_185342/results.json
v1,stage_b,20260307_185342,train,homogeneous_poisson,regression,1.0942326131418032,0.0039350267543326834,r2,0.3066127300262451,0.030784349888563156,0.08989084511995316,0.3066127300262451,,,9752,reports/gpt_eval_20260307_185342/results.json
v1,stage_b,20260307_185342,train,universal_anisotropy,regression,1.0942326131418032,1.115360333248758,r2,0.551819384098053,1.4088811874389648,5.212375164031982,0.551819384098053,,,9057,reports/gpt_eval_20260307_185342/results.json
v1,stage_b,20260307_185342,train,is_metal,classification,1.0942326131418032,0.37659344817999263,acc,0.8276299010508305,,,,0.8276299010508305,0.9055864753233795,123902,reports/gpt_eval_20260307_185342/results.json
v1,stage_b,20260307_185342,train,is_stable,classification,1.0942326131418032,0.3837708108370386,acc,0.8180416781004343,,,,0.8180416781004343,0.8447962424518236,123902,reports/gpt_eval_20260307_185342/results.json
v1,stage_b,20260307_185342,val,energy_per_atom,regression,1.9461065625555938,1.4904500947825696,r2,0.6875634789466858,1.7711409330368042,4.446954250335693,0.6875634789466858,,,15487,reports/gpt_eval_20260307_185342/results.json
v1,stage_b,20260307_185342,val,formation_energy_per_atom,regression,1.9461065625555938,0.05155425126560004,r2,0.9119333624839783,0.2150147259235382,0.3560388684272766,0.9119333624839783,,,15487,reports/gpt_eval_20260307_185342/results.json
v1,stage_b,20260307_185342,val,energy_above_hull,regression,1.9461065625555938,0.0313482869032254,r2,0.5564509630203247,0.12254685908555984,0.30402401089668274,0.5564509630203247,,,15487,reports/gpt_eval_20260307_185342/results.json
v1,stage_b,20260307_185342,val,band_gap,regression,1.9461065625555938,0.2875365648961635,r2,0.650578498840332,0.540165364742279,0.8861379623413086,0.650578498840332,,,15487,reports/gpt_eval_20260307_185342/results.json
v1,stage_b,20260307_185342,val,cbm,regression,1.9461065625555938,0.27824018377853516,r2,0.8689411878585815,0.5939987301826477,0.8344442844390869,0.8689411878585815,,,8836,reports/gpt_eval_20260307_185342/results.json
v1,stage_b,20260307_185342,val,vbm,regression,1.9461065625555938,0.1983438151559189,r2,0.9137285351753235,0.47699928283691406,0.70137619972229,0.9137285351753235,,,8836,reports/gpt_eval_20260307_185342/results.json
v1,stage_b,20260307_185342,val,efermi,regression,1.9461065625555938,0.3087194704520309,r2,0.8837363123893738,0.6185570359230042,0.9375951290130615,0.8837363123893738,,,15485,reports/gpt_eval_20260307_185342/results.json
v1,stage_b,20260307_185342,val,bulk_modulus_vrh,regression,1.9461065625555938,7.88390450303684,r2,0.9166147112846375,8.348682403564453,21.658140182495117,0.9166147112846375,,,1348,reports/gpt_eval_20260307_185342/results.json
v1,stage_b,20260307_185342,val,shear_modulus_vrh,regression,1.9461065625555938,9.911203199314576,r2,0.6908198595046997,10.382651329040527,28.692197799682617,0.6908198595046997,,,1293,reports/gpt_eval_20260307_185342/results.json
v1,stage_b,20260307_185342,val,homogeneous_poisson,regression,1.9461065625555938,0.004103334629519787,r2,0.1653040647506714,0.0423395149409771,0.09151003509759903,0.1653040647506714,,,1304,reports/gpt_eval_20260307_185342/results.json
v1,stage_b,20260307_185342,val,universal_anisotropy,regression,1.9461065625555938,1.4907402690982652,r2,0.35431814193725586,1.8195613622665405,5.112850189208984,0.35431814193725586,,,1213,reports/gpt_eval_20260307_185342/results.json
v1,stage_b,20260307_185342,val,is_metal,classification,1.9461065625555938,0.38366673894771547,acc,0.8216568735068122,,,,0.8216568735068122,0.9029001649544495,15487,reports/gpt_eval_20260307_185342/results.json
v1,stage_b,20260307_185342,val,is_stable,classification,1.9461065625555938,0.392615419851476,acc,0.8106153548137147,,,,0.8106153548137147,0.8388652801512755,15487,reports/gpt_eval_20260307_185342/results.json
v1,stage_b,20260307_185342,test,energy_per_atom,regression,1.8269355590987435,1.4778778423160455,r2,0.6894543170928955,1.7579777240753174,4.43607234954834,0.6894543170928955,,,15489,reports/gpt_eval_20260307_185342/results.json
v1,stage_b,20260307_185342,test,formation_energy_per_atom,regression,1.8269355590987435,0.05101038655962316,r2,0.9152788519859314,0.21415774524211884,0.3503384590148926,0.9152788519859314,,,15489,reports/gpt_eval_20260307_185342/results.json
v1,stage_b,20260307_185342,test,energy_above_hull,regression,1.8269355590987435,0.030464541821905895,r2,0.5790783166885376,0.12210337072610855,0.29459476470947266,0.5790783166885376,,,15489,reports/gpt_eval_20260307_185342/results.json
v1,stage_b,20260307_185342,test,band_gap,regression,1.8269355590987435,0.2990482904753085,r2,0.6462506055831909,0.552952766418457,0.9072463512420654,0.6462506055831909,,,15489,reports/gpt_eval_20260307_185342/results.json
v1,stage_b,20260307_185342,test,cbm,regression,1.8269355590987435,0.2875872976298916,r2,0.8607781529426575,0.6057388186454773,0.8520388007164001,0.8607781529426575,,,8928,reports/gpt_eval_20260307_185342/results.json
v1,stage_b,20260307_185342,test,vbm,regression,1.8269355590987435,0.2080302349661328,r2,0.9089528918266296,0.4933209717273712,0.7181668877601624,0.9089528918266296,,,8928,reports/gpt_eval_20260307_185342/results.json
v1,stage_b,20260307_185342,test,efermi,regression,1.8269355590987435,0.3159547636168766,r2,0.8855867385864258,0.6283402442932129,0.9438037276268005,0.8855867385864258,,,15483,reports/gpt_eval_20260307_185342/results.json
v1,stage_b,20260307_185342,test,bulk_modulus_vrh,regression,1.8269355590987435,7.15165129226814,r2,0.9173407554626465,7.618703365325928,21.654985427856445,0.9173407554626465,,,1287,reports/gpt_eval_20260307_185342/results.json
v1,stage_b,20260307_185342,test,shear_modulus_vrh,regression,1.8269355590987435,8.755224051901392,r2,0.7312381267547607,9.221966743469238,25.508283615112305,0.7312381267547607,,,1227,reports/gpt_eval_20260307_185342/results.json
v1,stage_b,20260307_185342,test,homogeneous_poisson,regression,1.8269355590987435,0.004006740880575086,r2,0.231847882270813,0.04076911881566048,0.08971565216779709,0.231847882270813,,,1236,reports/gpt_eval_20260307_185342/results.json
v1,stage_b,20260307_185342,test,universal_anisotropy,regression,1.8269355590987435,1.8163232068509134,r2,0.3523709774017334,2.131551504135132,6.876262664794922,0.3523709774017334,,,1148,reports/gpt_eval_20260307_185342/results.json
v1,stage_b,20260307_185342,test,is_metal,classification,1.8269355590987435,0.3855888640263343,acc,0.821421654077087,,,,0.821421654077087,0.901092132052239,15489,reports/gpt_eval_20260307_185342/results.json
v1,stage_b,20260307_185342,test,is_stable,classification,1.8269355590987435,0.38805913319694074,acc,0.8159984505132675,,,,0.8159984505132675,0.8403502854802574,15489,reports/gpt_eval_20260307_185342/results.json
v2,stage_b,20260308_001437,train,energy_per_atom,regression,1.1172456877744705,1.3808741954132249,r2,0.7322711944580078,1.6646350622177124,4.114109516143799,0.7322711944580078,,,123902,experiments/stage_b/phase3_enhancements/exp102_stageb_v2_balanced/analysis/results.json
v2,stage_b,20260308_001437,train,formation_energy_per_atom,regression,1.1172456877744705,0.0487730050790686,r2,0.9184166789054871,0.21039161086082458,0.34346452355384827,0.9184166789054871,,,123902,experiments/stage_b/phase3_enhancements/exp102_stageb_v2_balanced/analysis/results.json
v2,stage_b,20260308_001437,train,energy_above_hull,regression,1.1172456877744705,0.029040772643916322,r2,0.5945927500724792,0.12037160247564316,0.28824472427368164,0.5945927500724792,,,123902,experiments/stage_b/phase3_enhancements/exp102_stageb_v2_balanced/analysis/results.json
v2,stage_b,20260308_001437,train,band_gap,regression,1.1172456877744705,0.2955065974263759,r2,0.6549218893051147,0.5514029264450073,0.8878820538520813,0.6549218893051147,,,123902,experiments/stage_b/phase3_enhancements/exp102_stageb_v2_balanced/analysis/results.json
v2,stage_b,20260308_001437,train,cbm,regression,1.1172456877744705,0.28331803945719575,r2,0.865025520324707,0.6003282070159912,0.8435928821563721,0.865025520324707,,,71574,experiments/stage_b/phase3_enhancements/exp102_stageb_v2_balanced/analysis/results.json
v2,stage_b,20260308_001437,train,vbm,regression,1.1172456877744705,0.2015385028527011,r2,0.9144471883773804,0.4860958456993103,0.6994443535804749,0.9144471883773804,,,71574,experiments/stage_b/phase3_enhancements/exp102_stageb_v2_balanced/analysis/results.json
v2,stage_b,20260308_001437,train,efermi,regression,1.1172456877744705,0.3118353316960188,r2,0.8865851759910583,0.6254123449325562,0.9312055110931396,0.8865851759910583,,,123856,experiments/stage_b/phase3_enhancements/exp102_stageb_v2_balanced/analysis/results.json
v2,stage_b,20260308_001437,train,bulk_modulus_vrh,regression,1.1172456877744705,3.04624668977091,r2,0.9612741470336914,3.48063325881958,14.861793518066406,0.9612741470336914,,,10217,experiments/stage_b/phase3_enhancements/exp102_stageb_v2_balanced/analysis/results.json
v2,stage_b,20260308_001437,train,shear_modulus_vrh,regression,1.1172456877744705,4.639396047843193,r2,0.7168424129486084,5.065800189971924,27.712270736694336,0.7168424129486084,,,9685,experiments/stage_b/phase3_enhancements/exp102_stageb_v2_balanced/analysis/results.json
v2,stage_b,20260308_001437,train,homogeneous_poisson,regression,1.1172456877744705,0.003990653888801043,r2,0.2961847186088562,0.03208834305405617,0.09056426584720612,0.2961847186088562,,,9752,experiments/stage_b/phase3_enhancements/exp102_stageb_v2_balanced/analysis/results.json
v2,stage_b,20260308_001437,train,universal_anisotropy,regression,1.1172456877744705,1.0400077176511358,r2,0.6026118993759155,1.3302364349365234,4.908135890960693,0.6026118993759155,,,9057,experiments/stage_b/phase3_enhancements/exp102_stageb_v2_balanced/analysis/results.json
v2,stage_b,20260308_001437,train,is_metal,classification,1.1172456877744705,0.37639189017776176,acc,0.8264757631030976,,,,0.8264757631030976,0.9054057701082622,123902,experiments/stage_b/phase3_enhancements/exp102_stageb_v2_balanced/analysis/results.json
v2,stage_b,20260308_001437,train,is_stable,classification,1.1172456877744705,0.3842807411030675,acc,0.8167261222579135,,,,0.8167261222579135,0.8437069286884851,123902,experiments/stage_b/phase3_enhancements/exp102_stageb_v2_balanced/analysis/results.json
v2,stage_b,20260308_001437,val,energy_per_atom,regression,1.935874470666779,1.4711411199764581,r2,0.7104977369308472,1.7582813501358032,4.280630588531494,0.7104977369308472,,,15487,experiments/stage_b/phase3_enhancements/exp102_stageb_v2_balanced/analysis/results.json
v2,stage_b,20260308_001437,val,formation_energy_per_atom,regression,1.935874470666779,0.05062917977331179,r2,0.9136096239089966,0.21372808516025543,0.35263416171073914,0.9136096239089966,,,15487,experiments/stage_b/phase3_enhancements/exp102_stageb_v2_balanced/analysis/results.json
v2,stage_b,20260308_001437,val,energy_above_hull,regression,1.935874470666779,0.03148598399324318,r2,0.5580316185951233,0.12410525232553482,0.303481787443161,0.5580316185951233,,,15487,experiments/stage_b/phase3_enhancements/exp102_stageb_v2_balanced/analysis/results.json
v2,stage_b,20260308_001437,val,band_gap,regression,1.935874470666779,0.2943252119805444,r2,0.6479716897010803,0.5504846572875977,0.8894373178482056,0.6479716897010803,,,15487,experiments/stage_b/phase3_enhancements/exp102_stageb_v2_balanced/analysis/results.json
v2,stage_b,20260308_001437,val,cbm,regression,1.935874470666779,0.28703545482539333,r2,0.8655452728271484,0.6060177087783813,0.8451859354972839,0.8655452728271484,,,8836,experiments/stage_b/phase3_enhancements/exp102_stageb_v2_balanced/analysis/results.json
v2,stage_b,20260308_001437,val,vbm,regression,1.935874470666779,0.20291066267828162,r2,0.9131604433059692,0.48850592970848083,0.7036815881729126,0.9131604433059692,,,8836,experiments/stage_b/phase3_enhancements/exp102_stageb_v2_balanced/analysis/results.json
v2,stage_b,20260308_001437,val,efermi,regression,1.935874470666779,0.30991669804917854,r2,0.8858467936515808,0.6257385015487671,0.9290462732315063,0.8858467936515808,,,15485,experiments/stage_b/phase3_enhancements/exp102_stageb_v2_balanced/analysis/results.json
v2,stage_b,20260308_001437,val,bulk_modulus_vrh,regression,1.935874470666779,7.836247107581634,r2,0.9244926571846008,8.302390098571777,20.60966682434082,0.9244926571846008,,,1348,experiments/stage_b/phase3_enhancements/exp102_stageb_v2_balanced/analysis/results.json
v2,stage_b,20260308_001437,val,shear_modulus_vrh,regression,1.935874470666779,9.75142410350299,r2,0.6927772760391235,10.22192096710205,28.601228713989258,0.6927772760391235,,,1293,experiments/stage_b/phase3_enhancements/exp102_stageb_v2_balanced/analysis/results.json
v2,stage_b,20260308_001437,val,homogeneous_poisson,regression,1.935874470666779,0.004035049099853643,r2,0.17887932062149048,0.04232719540596008,0.09076284617185593,0.17887932062149048,,,1304,experiments/stage_b/phase3_enhancements/exp102_stageb_v2_balanced/analysis/results.json
v2,stage_b,20260308_001437,val,universal_anisotropy,regression,1.935874470666779,1.5469190642374706,r2,0.34946537017822266,1.8689502477645874,5.132027626037598,0.34946537017822266,,,1213,experiments/stage_b/phase3_enhancements/exp102_stageb_v2_balanced/analysis/results.json
v2,stage_b,20260308_001437,val,is_metal,classification,1.935874470666779,0.38219923877811396,acc,0.8222380060696067,,,,0.8222380060696067,0.9035056079499019,15487,experiments/stage_b/phase3_enhancements/exp102_stageb_v2_balanced/analysis/results.json
v2,stage_b,20260308_001437,val,is_stable,classification,1.935874470666779,0.39271971110154896,acc,0.8138438690514626,,,,0.8138438690514626,0.8378415762733751,15487,experiments/stage_b/phase3_enhancements/exp102_stageb_v2_balanced/analysis/results.json
v2,stage_b,20260308_001437,test,energy_per_atom,regression,1.8597970310428829,1.440634854931195,r2,0.711827278137207,1.7272392511367798,4.273289680480957,0.711827278137207,,,15489,experiments/stage_b/phase3_enhancements/exp102_stageb_v2_balanced/analysis/results.json
v2,stage_b,20260308_001437,test,formation_energy_per_atom,regression,1.8597970310428829,0.05096551559516918,r2,0.9160306453704834,0.21488387882709503,0.3487805426120758,0.9160306453704834,,,15489,experiments/stage_b/phase3_enhancements/exp102_stageb_v2_balanced/analysis/results.json
v2,stage_b,20260308_001437,test,energy_above_hull,regression,1.8597970310428829,0.030428901358713217,r2,0.5839418768882751,0.1237432137131691,0.2928878664970398,0.5839418768882751,,,15489,experiments/stage_b/phase3_enhancements/exp102_stageb_v2_balanced/analysis/results.json
v2,stage_b,20260308_001437,test,band_gap,regression,1.8597970310428829,0.3077812300282789,r2,0.6358177661895752,0.5658139586448669,0.920527458190918,0.6358177661895752,,,15489,experiments/stage_b/phase3_enhancements/exp102_stageb_v2_balanced/analysis/results.json
v2,stage_b,20260308_001437,test,cbm,regression,1.8597970310428829,0.298307364058316,r2,0.8541350364685059,0.6174390912055969,0.8721297979354858,0.8541350364685059,,,8928,experiments/stage_b/phase3_enhancements/exp102_stageb_v2_balanced/analysis/results.json
v2,stage_b,20260308_001437,test,vbm,regression,1.8597970310428829,0.2099702477974216,r2,0.906635582447052,0.4957098066806793,0.7272486686706543,0.906635582447052,,,8928,experiments/stage_b/phase3_enhancements/exp102_stageb_v2_balanced/analysis/results.json
v2,stage_b,20260308_001437,test,efermi,regression,1.8597970310428829,0.31583723803928826,r2,0.8874230980873108,0.6318615078926086,0.9361989498138428,0.8874230980873108,,,15483,experiments/stage_b/phase3_enhancements/exp102_stageb_v2_balanced/analysis/results.json
v2,stage_b,20260308_001437,test,bulk_modulus_vrh,regression,1.8597970310428829,7.090414545985986,r2,0.91800457239151,7.5572991371154785,21.567859649658203,0.91800457239151,,,1287,experiments/stage_b/phase3_enhancements/exp102_stageb_v2_balanced/analysis/results.json
v2,stage_b,20260308_001437,test,shear_modulus_vrh,regression,1.8597970310428829,9.21758369657747,r2,0.7208617925643921,9.691028594970703,25.996034622192383,0.7208617925643921,,,1227,experiments/stage_b/phase3_enhancements/exp102_stageb_v2_balanced/analysis/results.json
v2,stage_b,20260308_001437,test,homogeneous_poisson,regression,1.8597970310428829,0.004057665612134672,r2,0.22220152616500854,0.041862860321998596,0.09027721732854843,0.22220152616500854,,,1236,experiments/stage_b/phase3_enhancements/exp102_stageb_v2_balanced/analysis/results.json
v2,stage_b,20260308_001437,test,universal_anisotropy,regression,1.8597970310428829,1.8367218570623476,r2,0.3620837926864624,2.1430580615997314,6.824504375457764,0.3620837926864624,,,1148,experiments/stage_b/phase3_enhancements/exp102_stageb_v2_balanced/analysis/results.json
v2,stage_b,20260308_001437,test,is_metal,classification,1.8597970310428829,0.38792344235054543,acc,0.821227968235522,,,,0.821227968235522,0.8992206148992791,15489,experiments/stage_b/phase3_enhancements/exp102_stageb_v2_balanced/analysis/results.json
v2,stage_b,20260308_001437,test,is_stable,classification,1.8597970310428829,0.3894635217147934,acc,0.8113499903157079,,,,0.8113499903157079,0.8378339758859645,15489,experiments/stage_b/phase3_enhancements/exp102_stageb_v2_balanced/analysis/results.json
v3,stage_b,20260308_070539,train,energy_per_atom,regression,1.2266182976379556,1.477335896671265,r2,0.7116159200668335,1.7657884359359741,4.269863128662109,0.7116159200668335,,,123902,reports/gpt_eval_20260308_070539/results.json
v3,stage_b,20260308_070539,train,formation_energy_per_atom,regression,1.2266182976379556,0.04949560529898329,r2,0.917451024055481,0.21162879467010498,0.3454912006855011,0.917451024055481,,,123902,reports/gpt_eval_20260308_070539/results.json
v3,stage_b,20260308_070539,train,energy_above_hull,regression,1.2266182976379556,0.02970815503541104,r2,0.5842952728271484,0.11885015666484833,0.2918824851512909,0.5842952728271484,,,123902,reports/gpt_eval_20260308_070539/results.json
v3,stage_b,20260308_070539,train,band_gap,regression,1.2266182976379556,0.2987686179692061,r2,0.6465756893157959,0.5555492639541626,0.8985552787780762,0.6465756893157959,,,123902,reports/gpt_eval_20260308_070539/results.json
v3,stage_b,20260308_070539,train,cbm,regression,1.2266182976379556,0.29155839754107254,r2,0.8609169721603394,0.6125912666320801,0.8563358783721924,0.8609169721603394,,,71574,reports/gpt_eval_20260308_070539/results.json
v3,stage_b,20260308_070539,train,vbm,regression,1.2266182976379556,0.2066030598971889,r2,0.9128577709197998,0.49257001280784607,0.7059115767478943,0.9128577709197998,,,71574,reports/gpt_eval_20260308_070539/results.json
v3,stage_b,20260308_070539,train,efermi,regression,1.2266182976379556,0.32006708893701835,r2,0.8832463622093201,0.6363940834999084,0.9448127746582031,0.8832463622093201,,,123856,reports/gpt_eval_20260308_070539/results.json
v3,stage_b,20260308_070539,train,bulk_modulus_vrh,regression,1.2266182976379556,3.492461001147685,r2,0.9602324962615967,3.9368438720703125,15.060335159301758,0.9602324962615967,,,10217,reports/gpt_eval_20260308_070539/results.json
v3,stage_b,20260308_070539,train,shear_modulus_vrh,regression,1.2266182976379556,5.279770123466113,r2,0.7054532170295715,5.726485252380371,28.264101028442383,0.7054532170295715,,,9685,reports/gpt_eval_20260308_070539/results.json
v3,stage_b,20260308_070539,train,homogeneous_poisson,regression,1.2266182976379556,0.004084544483771284,r2,0.28060632944107056,0.033976756036281586,0.09156107157468796,0.28060632944107056,,,9752,reports/gpt_eval_20260308_070539/results.json
v3,stage_b,20260308_070539,train,universal_anisotropy,regression,1.2266182976379556,1.2002654512046074,r2,0.538902997970581,1.4967378377914429,5.286951065063477,0.538902997970581,,,9057,reports/gpt_eval_20260308_070539/results.json
v3,stage_b,20260308_070539,train,is_metal,classification,1.2266182976379556,0.3769872352724581,acc,0.8270326548401156,,,,0.8270326548401156,0.9058547398979939,123902,reports/gpt_eval_20260308_070539/results.json
v3,stage_b,20260308_070539,train,is_stable,classification,1.2266182976379556,0.3873610772780345,acc,0.8143452083097932,,,,0.8143452083097932,0.8405471081690785,123902,reports/gpt_eval_20260308_070539/results.json
v3,stage_b,20260308_070539,val,energy_per_atom,regression,2.0035031653802124,1.585019102037828,r2,0.6755897998809814,1.8758457899093628,4.531364917755127,0.6755897998809814,,,15487,reports/gpt_eval_20260308_070539/results.json
v3,stage_b,20260308_070539,val,formation_energy_per_atom,regression,2.0035031653802124,0.05147506597025729,r2,0.91263347864151,0.21473607420921326,0.3546208143234253,0.91263347864151,,,15487,reports/gpt_eval_20260308_070539/results.json
v3,stage_b,20260308_070539,val,energy_above_hull,regression,2.0035031653802124,0.0320358697234931,r2,0.548700213432312,0.12198513746261597,0.30666881799697876,0.548700213432312,,,15487,reports/gpt_eval_20260308_070539/results.json
v3,stage_b,20260308_070539,val,band_gap,regression,2.0035031653802124,0.294486409172432,r2,0.6462312936782837,0.5507359504699707,0.8916332721710205,0.6462312936782837,,,15487,reports/gpt_eval_20260308_070539/results.json
v3,stage_b,20260308_070539,val,cbm,regression,2.0035031653802124,0.2949234519151795,r2,0.8609404563903809,0.6187639832496643,0.8595371246337891,0.8609404563903809,,,8836,reports/gpt_eval_20260308_070539/results.json
v3,stage_b,20260308_070539,val,vbm,regression,2.0035031653802124,0.2060181509187272,r2,0.9119061827659607,0.49345770478248596,0.7087451815605164,0.9119061827659607,,,8836,reports/gpt_eval_20260308_070539/results.json
v3,stage_b,20260308_070539,val,efermi,regression,2.0035031653802124,0.31544418172479743,r2,0.8833184242248535,0.6324155926704407,0.9392787218093872,0.8833184242248535,,,15485,reports/gpt_eval_20260308_070539/results.json
v3,stage_b,20260308_070539,val,bulk_modulus_vrh,regression,2.0035031653802124,8.121599634414753,r2,0.913445234298706,8.58546257019043,22.065914154052734,0.913445234298706,,,1348,reports/gpt_eval_20260308_070539/results.json
v3,stage_b,20260308_070539,val,shear_modulus_vrh,regression,2.0035031653802124,10.203983693719916,r2,0.6814539432525635,10.674975395202637,29.123538970947266,0.6814539432525635,,,1293,reports/gpt_eval_20260308_070539/results.json
v3,stage_b,20260308_070539,val,homogeneous_poisson,regression,2.0035031653802124,0.004226112499703589,r2,0.14180207252502441,0.04414500668644905,0.09278938919305801,0.14180207252502441,,,1304,reports/gpt_eval_20260308_070539/results.json
v3,stage_b,20260308_070539,val,universal_anisotropy,regression,2.0035031653802124,1.5425367121586637,r2,0.3393181562423706,1.8656775951385498,5.171898365020752,0.3393181562423706,,,1213,reports/gpt_eval_20260308_070539/results.json
v3,stage_b,20260308_070539,val,is_metal,classification,2.0035031653802124,0.37977262062577777,acc,0.8232065603409311,,,,0.8232065603409311,0.9055788280044857,15487,reports/gpt_eval_20260308_070539/results.json
v3,stage_b,20260308_070539,val,is_stable,classification,2.0035031653802124,0.3963589772769041,acc,0.8094530896881256,,,,0.8094530896881256,0.8335297735797427,15487,reports/gpt_eval_20260308_070539/results.json
v3,stage_b,20260308_070539,test,energy_per_atom,regression,1.8797875944457532,1.5453029145212558,r2,0.6862648129463196,1.8376859426498413,4.458795070648193,0.6862648129463196,,,15489,reports/gpt_eval_20260308_070539/results.json
v3,stage_b,20260308_070539,test,formation_energy_per_atom,regression,1.8797875944457532,0.05161756785882794,r2,0.9149581789970398,0.21488186717033386,0.3510008156299591,0.9149581789970398,,,15489,reports/gpt_eval_20260308_070539/results.json
v3,stage_b,20260308_070539,test,energy_above_hull,regression,1.8797875944457532,0.030986817169591115,r2,0.5742862224578857,0.12163559347391129,0.29626697301864624,0.5742862224578857,,,15489,reports/gpt_eval_20260308_070539/results.json
v3,stage_b,20260308_070539,test,band_gap,regression,1.8797875944457532,0.30661464712178077,r2,0.6387466192245483,0.5641663670539856,0.9168184399604797,0.6387466192245483,,,15489,reports/gpt_eval_20260308_070539/results.json
v3,stage_b,20260308_070539,test,cbm,regression,1.8797875944457532,0.3095658538568187,r2,0.8488236665725708,0.6339322328567505,0.8878662586212158,0.8488236665725708,,,8928,reports/gpt_eval_20260308_070539/results.json
v3,stage_b,20260308_070539,test,vbm,regression,1.8797875944457532,0.21159686588877685,r2,0.9079826474189758,0.499588280916214,0.7219832539558411,0.9079826474189758,,,8928,reports/gpt_eval_20260308_070539/results.json
v3,stage_b,20260308_070539,test,efermi,regression,1.8797875944457532,0.3200374388190681,r2,0.8858398199081421,0.6366173028945923,0.9427592754364014,0.8858398199081421,,,15483,reports/gpt_eval_20260308_070539/results.json
v3,stage_b,20260308_070539,test,bulk_modulus_vrh,regression,1.8797875944457532,7.314580952871552,r2,0.9174053072929382,7.782541275024414,21.646533966064453,0.9174053072929382,,,1287,reports/gpt_eval_20260308_070539/results.json
v3,stage_b,20260308_070539,test,shear_modulus_vrh,regression,1.8797875944457532,9.138859387209697,r2,0.7268258333206177,9.613914489746094,25.71681785583496,0.7268258333206177,,,1227,reports/gpt_eval_20260308_070539/results.json
v3,stage_b,20260308_070539,test,homogeneous_poisson,regression,1.8797875944457532,0.004137684823504352,r2,0.20684212446212769,0.04222885146737099,0.09116421639919281,0.20684212446212769,,,1236,reports/gpt_eval_20260308_070539/results.json
v3,stage_b,20260308_070539,test,universal_anisotropy,regression,1.8797875944457532,1.813982632599665,r2,0.36970555782318115,2.1274020671844482,6.7836127281188965,0.36970555782318115,,,1148,reports/gpt_eval_20260308_070539/results.json
v3,stage_b,20260308_070539,test,is_metal,classification,1.8797875944457532,0.386610382387443,acc,0.8251016850668216,,,,0.8251016850668216,0.9009994357880692,15489,reports/gpt_eval_20260308_070539/results.json
v3,stage_b,20260308_070539,test,is_stable,classification,1.8797875944457532,0.39249839174492834,acc,0.8122538575763445,,,,0.8122538575763445,0.835170101847208,15489,reports/gpt_eval_20260308_070539/results.json
Stage C h1,stage_c,20260310_003913,train,energy_per_atom,regression,1.1483105591993452,1.4138158533682392,r2,0.7169763445854187,1.6834468841552734,4.229992866516113,0.7169763445854187,,,123902,reports/gpt_eval_20260310_003913_stagec_h1/results.json
Stage C h1,stage_c,20260310_003913,train,formation_energy_per_atom,regression,1.1483105591993452,0.04138002788015052,r2,0.9302175641059875,0.18813744187355042,0.3176538348197937,0.9302175641059875,,,123902,reports/gpt_eval_20260310_003913_stagec_h1/results.json
Stage C h1,stage_c,20260310_003913,train,energy_above_hull,regression,1.1483105591993452,0.027268345454685247,r2,0.6160271167755127,0.11394291371107101,0.28052130341529846,0.6160271167755127,,,123902,reports/gpt_eval_20260310_003913_stagec_h1/results.json
Stage C h1,stage_c,20260310_003913,train,band_gap,regression,1.1483105591993452,0.2781809619798486,r2,0.6718600988388062,0.5219635963439941,0.8658169507980347,0.6718600988388062,,,123902,reports/gpt_eval_20260310_003913_stagec_h1/results.json
Stage C h1,stage_c,20260310_003913,train,cbm,regression,1.1483105591993452,0.2640787760821682,r2,0.8739966154098511,0.5731937289237976,0.8150762319564819,0.8739966154098511,,,71574,reports/gpt_eval_20260310_003913_stagec_h1/results.json
Stage C h1,stage_c,20260310_003913,train,vbm,regression,1.1483105591993452,0.18698749369723341,r2,0.9219876527786255,0.4638752341270447,0.6679095029830933,0.9219876527786255,,,71574,reports/gpt_eval_20260310_003913_stagec_h1/results.json
Stage C h1,stage_c,20260310_003913,train,efermi,regression,1.1483105591993452,0.2982658633107017,r2,0.889995276927948,0.6033203601837158,0.9170990586280823,0.889995276927948,,,123856,reports/gpt_eval_20260310_003913_stagec_h1/results.json
Stage C h1,stage_c,20260310_003913,train,bulk_modulus_vrh,regression,1.1483105591993452,3.119873506576672,r2,0.9615007638931274,3.5501320362091064,14.818241119384766,0.9615007638931274,,,10217,reports/gpt_eval_20260310_003913_stagec_h1/results.json
Stage C h1,stage_c,20260310_003913,train,shear_modulus_vrh,regression,1.1483105591993452,4.969354313453271,r2,0.7076020240783691,5.404547691345215,28.16081428527832,0.7076020240783691,,,9685,reports/gpt_eval_20260310_003913_stagec_h1/results.json
Stage C h1,stage_c,20260310_003913,train,homogeneous_poisson,regression,1.1483105591993452,0.004034172470808299,r2,0.2896536588668823,0.034130342304706573,0.09098349511623383,0.2896536588668823,,,9752,reports/gpt_eval_20260310_003913_stagec_h1/results.json
Stage C h1,stage_c,20260310_003913,train,universal_anisotropy,regression,1.1483105591993452,1.156395471740356,r2,0.5555180311203003,1.4483420848846436,5.190823078155518,0.5555180311203003,,,9057,reports/gpt_eval_20260310_003913_stagec_h1/results.json
Stage C h1,stage_c,20260310_003913,train,is_metal,classification,1.1483105591993452,0.36459478498545017,acc,0.8321899565785863,,,,0.8321899565785863,0.9117028242967671,123902,reports/gpt_eval_20260310_003913_stagec_h1/results.json
Stage C h1,stage_c,20260310_003913,train,is_stable,classification,1.1483105591993452,0.3670687143225682,acc,0.8248050878920438,,,,0.8248050878920438,0.86064665216759,123902,reports/gpt_eval_20260310_003913_stagec_h1/results.json
Stage C h1,stage_c,20260310_003913,val,energy_per_atom,regression,1.961313785211498,1.5275783625509762,r2,0.6794281005859375,1.8003255128860474,4.504478454589844,0.6794281005859375,,,15487,reports/gpt_eval_20260310_003913_stagec_h1/results.json
Stage C h1,stage_c,20260310_003913,val,formation_energy_per_atom,regression,1.961313785211498,0.043486484165382096,r2,0.9254300594329834,0.19137385487556458,0.3276223838329315,0.9254300594329834,,,15487,reports/gpt_eval_20260310_003913_stagec_h1/results.json
Stage C h1,stage_c,20260310_003913,val,energy_above_hull,regression,1.961313785211498,0.0297528991567804,r2,0.5797212719917297,0.11784796416759491,0.29594144225120544,0.5797212719917297,,,15487,reports/gpt_eval_20260310_003913_stagec_h1/results.json
Stage C h1,stage_c,20260310_003913,val,band_gap,regression,1.961313785211498,0.2750201666598521,r2,0.6691182851791382,0.5188331007957458,0.8623090386390686,0.6691182851791382,,,15487,reports/gpt_eval_20260310_003913_stagec_h1/results.json
Stage C h1,stage_c,20260310_003913,val,cbm,regression,1.961313785211498,0.26889089527025833,r2,0.8728630542755127,0.5820828676223755,0.8218643665313721,0.8728630542755127,,,8836,reports/gpt_eval_20260310_003913_stagec_h1/results.json
Stage C h1,stage_c,20260310_003913,val,vbm,regression,1.961313785211498,0.18944783476150823,r2,0.9197390675544739,0.46786102652549744,0.6765027642250061,0.9197390675544739,,,8836,reports/gpt_eval_20260310_003913_stagec_h1/results.json
Stage C h1,stage_c,20260310_003913,val,efermi,regression,1.961313785211498,0.2952884387284508,r2,0.8897233605384827,0.6025201082229614,0.9131350517272949,0.8897233605384827,,,15485,reports/gpt_eval_20260310_003913_stagec_h1/results.json
Stage C h1,stage_c,20260310_003913,val,bulk_modulus_vrh,regression,1.961313785211498,7.960042487466677,r2,0.9140477180480957,8.424176216125488,21.98897933959961,0.9140477180480957,,,1348,reports/gpt_eval_20260310_003913_stagec_h1/results.json
Stage C h1,stage_c,20260310_003913,val,shear_modulus_vrh,regression,1.961313785211498,10.077917182323482,r2,0.6840001940727234,10.549559593200684,29.006908416748047,0.6840001940727234,,,1293,reports/gpt_eval_20260310_003913_stagec_h1/results.json
Stage C h1,stage_c,20260310_003913,val,homogeneous_poisson,regression,1.961313785211498,0.004465294628597682,r2,0.09235751628875732,0.045627519488334656,0.09542496502399445,0.09235751628875732,,,1304,reports/gpt_eval_20260310_003913_stagec_h1/results.json
Stage C h1,stage_c,20260310_003913,val,universal_anisotropy,regression,1.961313785211498,1.5210942638354215,r2,0.34753644466400146,1.8413474559783936,5.1396307945251465,0.34753644466400146,,,1213,reports/gpt_eval_20260310_003913_stagec_h1/results.json
Stage C h1,stage_c,20260310_003913,val,is_metal,classification,1.961313785211498,0.37000263951919576,acc,0.8273390585652483,,,,0.8273390585652483,0.9101860626024698,15487,reports/gpt_eval_20260310_003913_stagec_h1/results.json
Stage C h1,stage_c,20260310_003913,val,is_stable,classification,1.961313785211498,0.3787355626510404,acc,0.8171369535739652,,,,0.8171369535739652,0.8517085937167496,15487,reports/gpt_eval_20260310_003913_stagec_h1/results.json
Stage C h1,stage_c,20260310_003913,test,energy_per_atom,regression,1.847485436309943,1.484941569327985,r2,0.6902908086776733,1.75812828540802,4.430094242095947,0.6902908086776733,,,15489,reports/gpt_eval_20260310_003913_stagec_h1/results.json
Stage C h1,stage_c,20260310_003913,test,formation_energy_per_atom,regression,1.847485436309943,0.043362212062905255,r2,0.9280415177345276,0.19266413152217865,0.3228738307952881,0.9280415177345276,,,15489,reports/gpt_eval_20260310_003913_stagec_h1/results.json
Stage C h1,stage_c,20260310_003913,test,energy_above_hull,regression,1.847485436309943,0.02850981982174356,r2,0.6057331562042236,0.11692385375499725,0.2851146459579468,0.6057331562042236,,,15489,reports/gpt_eval_20260310_003913_stagec_h1/results.json
Stage C h1,stage_c,20260310_003913,test,band_gap,regression,1.847485436309943,0.2864929655083655,r2,0.6639086008071899,0.5311909914016724,0.8843131065368652,0.6639086008071899,,,15489,reports/gpt_eval_20260310_003913_stagec_h1/results.json
Stage C h1,stage_c,20260310_003913,test,cbm,regression,1.847485436309943,0.28138305105902844,r2,0.8624820709228516,0.5938137173652649,0.846808671951294,0.8624820709228516,,,8928,reports/gpt_eval_20260310_003913_stagec_h1/results.json
Stage C h1,stage_c,20260310_003913,test,vbm,regression,1.847485436309943,0.19300760096641165,r2,0.9167616367340088,0.4722687005996704,0.6866792440414429,0.9167616367340088,,,8928,reports/gpt_eval_20260310_003913_stagec_h1/results.json
Stage C h1,stage_c,20260310_003913,test,efermi,regression,1.847485436309943,0.30085323147848086,r2,0.8914920091629028,0.6071428656578064,0.9191244840621948,0.8914920091629028,,,15483,reports/gpt_eval_20260310_003913_stagec_h1/results.json
Stage C h1,stage_c,20260310_003913,test,bulk_modulus_vrh,regression,1.847485436309943,7.224471505187949,r2,0.9168814420700073,7.68924617767334,21.715070724487305,0.9168814420700073,,,1287,reports/gpt_eval_20260310_003913_stagec_h1/results.json
Stage C h1,stage_c,20260310_003913,test,shear_modulus_vrh,regression,1.847485436309943,9.089527081997227,r2,0.7270948886871338,9.55879020690918,25.704151153564453,0.7270948886871338,,,1227,reports/gpt_eval_20260310_003913_stagec_h1/results.json
Stage C h1,stage_c,20260310_003913,test,homogeneous_poisson,regression,1.847485436309943,0.00423239470820903,r2,0.18948501348495483,0.04377995431423187,0.092156320810318,0.18948501348495483,,,1236,reports/gpt_eval_20260310_003913_stagec_h1/results.json
Stage C h1,stage_c,20260310_003913,test,universal_anisotropy,regression,1.847485436309943,1.7946230624691484,r2,0.36893075704574585,2.103177785873413,6.78778076171875,0.36893075704574585,,,1148,reports/gpt_eval_20260310_003913_stagec_h1/results.json
Stage C h1,stage_c,20260310_003913,test,is_metal,classification,1.847485436309943,0.3755603993220132,acc,0.8301375169475111,,,,0.8301375169475111,0.9066223982026632,15489,reports/gpt_eval_20260310_003913_stagec_h1/results.json
Stage C h1,stage_c,20260310_003913,test,is_stable,classification,1.847485436309943,0.3721811626942198,acc,0.8196784815030022,,,,0.8196784815030022,0.8557524217092021,15489,reports/gpt_eval_20260310_003913_stagec_h1/results.json
Stage C h2,stage_c,20260310_005519,train,energy_per_atom,regression,1.1559484318658357,1.436536988312245,r2,0.7141236066818237,1.7109620571136475,4.251257419586182,0.7141236066818237,,,123902,reports/gpt_eval_20260310_005519_stagec_h2/results.json
Stage C h2,stage_c,20260310_005519,train,formation_energy_per_atom,regression,1.1559484318658357,0.04429892080688982,r2,0.9255895614624023,0.19633498787879944,0.3280182480812073,0.9255895614624023,,,123902,reports/gpt_eval_20260310_005519_stagec_h2/results.json
Stage C h2,stage_c,20260310_005519,train,energy_above_hull,regression,1.1559484318658357,0.028274128736653793,r2,0.6026771068572998,0.11588997393846512,0.2853562533855438,0.6026771068572998,,,123902,reports/gpt_eval_20260310_005519_stagec_h2/results.json
Stage C h2,stage_c,20260310_005519,train,band_gap,regression,1.1559484318658357,0.28888362885708607,r2,0.663199782371521,0.5414972901344299,0.8771679997444153,0.663199782371521,,,123902,reports/gpt_eval_20260310_005519_stagec_h2/results.json
Stage C h2,stage_c,20260310_005519,train,cbm,regression,1.1559484318658357,0.2772888870023141,r2,0.8682591319084167,0.5929231643676758,0.8334266543388367,0.8682591319084167,,,71574,reports/gpt_eval_20260310_005519_stagec_h2/results.json
Stage C h2,stage_c,20260310_005519,train,vbm,regression,1.1559484318658357,0.19643249292998016,r2,0.917526364326477,0.47742709517478943,0.686741828918457,0.917526364326477,,,71574,reports/gpt_eval_20260310_005519_stagec_h2/results.json
Stage C h2,stage_c,20260310_005519,train,efermi,regression,1.1559484318658357,0.30850092434598536,r2,0.8865832686424255,0.6182160973548889,0.9312132000923157,0.8865832686424255,,,123856,reports/gpt_eval_20260310_005519_stagec_h2/results.json
Stage C h2,stage_c,20260310_005519,train,bulk_modulus_vrh,regression,1.1559484318658357,3.151265592317676,r2,0.9617897868156433,3.585104465484619,14.762511253356934,0.9617897868156433,,,10217,reports/gpt_eval_20260310_005519_stagec_h2/results.json
Stage C h2,stage_c,20260310_005519,train,shear_modulus_vrh,regression,1.1559484318658357,4.948668328849838,r2,0.7087422609329224,5.384856700897217,28.105852127075195,0.7087422609329224,,,9685,reports/gpt_eval_20260310_005519_stagec_h2/results.json
Stage C h2,stage_c,20260310_005519,train,homogeneous_poisson,regression,1.1559484318658357,0.003776130910706525,r2,0.3329465985298157,0.026516135782003403,0.08816736191511154,0.3329465985298157,,,9752,reports/gpt_eval_20260310_005519_stagec_h2/results.json
Stage C h2,stage_c,20260310_005519,train,universal_anisotropy,regression,1.1559484318658357,1.1279662843905875,r2,0.5829185247421265,1.4287775754928589,5.0282816886901855,0.5829185247421265,,,9057,reports/gpt_eval_20260310_005519_stagec_h2/results.json
Stage C h2,stage_c,20260310_005519,train,is_metal,classification,1.1559484318658357,0.36989617861612645,acc,0.8320446804732773,,,,0.8320446804732773,0.909291845961457,123902,reports/gpt_eval_20260310_005519_stagec_h2/results.json
Stage C h2,stage_c,20260310_005519,train,is_stable,classification,1.1559484318658357,0.3775632349095593,acc,0.819131248890252,,,,0.819131248890252,0.85067584950033,123902,reports/gpt_eval_20260310_005519_stagec_h2/results.json
Stage C h2,stage_c,20260310_005519,val,energy_per_atom,regression,1.9628375572389283,1.5448590657289207,r2,0.6776498556137085,1.8219401836395264,4.5169548988342285,0.6776498556137085,,,15487,reports/gpt_eval_20260310_005519_stagec_h2/results.json
Stage C h2,stage_c,20260310_005519,val,formation_energy_per_atom,regression,1.9628375572389283,0.04650915386372691,r2,0.9205532073974609,0.19985046982765198,0.33816590905189514,0.9205532073974609,,,15487,reports/gpt_eval_20260310_005519_stagec_h2/results.json
Stage C h2,stage_c,20260310_005519,val,energy_above_hull,regression,1.9628375572389283,0.030720346582473457,r2,0.5662980079650879,0.11957979947328568,0.3006303012371063,0.5662980079650879,,,15487,reports/gpt_eval_20260310_005519_stagec_h2/results.json
Stage C h2,stage_c,20260310_005519,val,band_gap,regression,1.9628375572389283,0.28561066846451655,r2,0.6613187193870544,0.5380945801734924,0.8724130392074585,0.6613187193870544,,,15487,reports/gpt_eval_20260310_005519_stagec_h2/results.json
Stage C h2,stage_c,20260310_005519,val,cbm,regression,1.9628375572389283,0.28178686265622704,r2,0.8675543069839478,0.6011766791343689,0.838847815990448,0.8675543069839478,,,8836,reports/gpt_eval_20260310_005519_stagec_h2/results.json
Stage C h2,stage_c,20260310_005519,val,vbm,regression,1.9628375572389283,0.19696550505767207,r2,0.9163128733634949,0.4798250198364258,0.6907912492752075,0.9163128733634949,,,8836,reports/gpt_eval_20260310_005519_stagec_h2/results.json
Stage C h2,stage_c,20260310_005519,val,efermi,regression,1.9628375572389283,0.3045138949109675,r2,0.8866745829582214,0.6158227324485779,0.9256716370582581,0.8866745829582214,,,15485,reports/gpt_eval_20260310_005519_stagec_h2/results.json
Stage C h2,stage_c,20260310_005519,val,bulk_modulus_vrh,regression,1.9628375572389283,7.930315051496205,r2,0.9138427972793579,8.393169403076172,22.015180587768555,0.9138427972793579,,,1348,reports/gpt_eval_20260310_005519_stagec_h2/results.json
Stage C h2,stage_c,20260310_005519,val,shear_modulus_vrh,regression,1.9628375572389283,10.051339987088408,r2,0.6853666305541992,10.525101661682129,28.94412612915039,0.6853666305541992,,,1293,reports/gpt_eval_20260310_005519_stagec_h2/results.json
Stage C h2,stage_c,20260310_005519,val,homogeneous_poisson,regression,1.9628375572389283,0.0042766387578735,r2,0.12951350212097168,0.0419342927634716,0.0934513583779335,0.12951350212097168,,,1304,reports/gpt_eval_20260310_005519_stagec_h2/results.json
Stage C h2,stage_c,20260310_005519,val,universal_anisotropy,regression,1.9628375572389283,1.4994827608200711,r2,0.3659747242927551,1.823061466217041,5.066488742828369,0.3659747242927551,,,1213,reports/gpt_eval_20260310_005519_stagec_h2/results.json
Stage C h2,stage_c,20260310_005519,val,is_metal,classification,1.9628375572389283,0.373864881621908,acc,0.8302447213792212,,,,0.8302447213792212,0.9084655225145275,15487,reports/gpt_eval_20260310_005519_stagec_h2/results.json
Stage C h2,stage_c,20260310_005519,val,is_stable,classification,1.9628375572389283,0.3872117885553426,acc,0.8124233227868535,,,,0.8124233227868535,0.8432543652920539,15487,reports/gpt_eval_20260310_005519_stagec_h2/results.json
Stage C h2,stage_c,20260310_005519,test,energy_per_atom,regression,1.8509477648014125,1.5072231767070479,r2,0.6879625916481018,1.7854619026184082,4.446714401245117,0.6879625916481018,,,15489,reports/gpt_eval_20260310_005519_stagec_h2/results.json
Stage C h2,stage_c,20260310_005519,test,formation_energy_per_atom,regression,1.8509477648014125,0.04630030291272104,r2,0.9232864379882812,0.20040388405323029,0.3333711624145508,0.9232864379882812,,,15489,reports/gpt_eval_20260310_005519_stagec_h2/results.json
Stage C h2,stage_c,20260310_005519,test,energy_above_hull,regression,1.8509477648014125,0.029590594868213683,r2,0.5916426777839661,0.11901900172233582,0.29016467928886414,0.5916426777839661,,,15489,reports/gpt_eval_20260310_005519_stagec_h2/results.json
Stage C h2,stage_c,20260310_005519,test,band_gap,regression,1.8509477648014125,0.29656302646865285,r2,0.6549719572067261,0.5500207543373108,0.8959928750991821,0.6549719572067261,,,15489,reports/gpt_eval_20260310_005519_stagec_h2/results.json
Stage C h2,stage_c,20260310_005519,test,cbm,regression,1.8509477648014125,0.29661522916006156,r2,0.8559685945510864,0.6165878176689148,0.8666309714317322,0.8559685945510864,,,8928,reports/gpt_eval_20260310_005519_stagec_h2/results.json
Stage C h2,stage_c,20260310_005519,test,vbm,regression,1.8509477648014125,0.2021561433621764,r2,0.912477433681488,0.48478999733924866,0.7041290402412415,0.912477433681488,,,8928,reports/gpt_eval_20260310_005519_stagec_h2/results.json
Stage C h2,stage_c,20260310_005519,test,efermi,regression,1.8509477648014125,0.31019995752319385,r2,0.8885374069213867,0.6208561062812805,0.9315541982650757,0.8885374069213867,,,15483,reports/gpt_eval_20260310_005519_stagec_h2/results.json
Stage C h2,stage_c,20260310_005519,test,bulk_modulus_vrh,regression,1.8509477648014125,7.174600059269444,r2,0.9174430966377258,7.637145042419434,21.641578674316406,0.9174430966377258,,,1287,reports/gpt_eval_20260310_005519_stagec_h2/results.json
Stage C h2,stage_c,20260310_005519,test,shear_modulus_vrh,regression,1.8509477648014125,9.057538724064157,r2,0.7285271883010864,9.528505325317383,25.636608123779297,0.7285271883010864,,,1227,reports/gpt_eval_20260310_005519_stagec_h2/results.json
Stage C h2,stage_c,20260310_005519,test,homogeneous_poisson,regression,1.8509477648014125,0.004029008316518287,r2,0.22817254066467285,0.039819180965423584,0.08993002772331238,0.22817254066467285,,,1236,reports/gpt_eval_20260310_005519_stagec_h2/results.json
Stage C h2,stage_c,20260310_005519,test,universal_anisotropy,regression,1.8509477648014125,1.8051147361094804,r2,0.3660433292388916,2.1219096183776855,6.8032917976379395,0.3660433292388916,,,1148,reports/gpt_eval_20260310_005519_stagec_h2/results.json
Stage C h2,stage_c,20260310_005519,test,is_metal,classification,1.8509477648014125,0.3811984798299522,acc,0.8267802956937181,,,,0.8267802956937181,0.9037401938299305,15489,reports/gpt_eval_20260310_005519_stagec_h2/results.json
Stage C h2,stage_c,20260310_005519,test,is_stable,classification,1.8509477648014125,0.3818596712030424,acc,0.8154173929885725,,,,0.8154173929885725,0.8461340865349634,15489,reports/gpt_eval_20260310_005519_stagec_h2/results.json
Stage C hybrid,stage_c,20260310_011108,train,energy_per_atom,regression,1.160786785663782,1.4366952554369496,r2,0.7125222682952881,1.7103875875473022,4.263147830963135,0.7125222682952881,,,123902,reports/gpt_eval_20260310_011108_stagec_hybrid/results.json
Stage C hybrid,stage_c,20260310_011108,train,formation_energy_per_atom,regression,1.160786785663782,0.04429095950018152,r2,0.9254013895988464,0.1953658163547516,0.32843273878097534,0.9254013895988464,,,123902,reports/gpt_eval_20260310_011108_stagec_hybrid/results.json
Stage C hybrid,stage_c,20260310_011108,train,energy_above_hull,regression,1.160786785663782,0.028280753151408558,r2,0.6015998721122742,0.11331991851329803,0.2857428193092346,0.6015998721122742,,,123902,reports/gpt_eval_20260310_011108_stagec_hybrid/results.json
Stage C hybrid,stage_c,20260310_011108,train,band_gap,regression,1.160786785663782,0.28854378946030773,r2,0.6552066802978516,0.5341488718986511,0.887515664100647,0.6552066802978516,,,123902,reports/gpt_eval_20260310_011108_stagec_hybrid/results.json
Stage C hybrid,stage_c,20260310_011108,train,cbm,regression,1.160786785663782,0.28406737924699116,r2,0.8626945614814758,0.5986159443855286,0.8508459329605103,0.8626945614814758,,,71574,reports/gpt_eval_20260310_011108_stagec_hybrid/results.json
Stage C hybrid,stage_c,20260310_011108,train,vbm,regression,1.160786785663782,0.1963810217347667,r2,0.9179085493087769,0.47898098826408386,0.6851487755775452,0.9179085493087769,,,71574,reports/gpt_eval_20260310_011108_stagec_hybrid/results.json
Stage C hybrid,stage_c,20260310_011108,train,efermi,regression,1.160786785663782,0.30777281927088174,r2,0.8861439228057861,0.6167173385620117,0.9330151081085205,0.8861439228057861,,,123856,reports/gpt_eval_20260310_011108_stagec_hybrid/results.json
Stage C hybrid,stage_c,20260310_011108,train,bulk_modulus_vrh,regression,1.160786785663782,3.1920631525495686,r2,0.9619754552841187,3.6285266876220703,14.726606369018555,0.9619754552841187,,,10217,reports/gpt_eval_20260310_011108_stagec_hybrid/results.json
Stage C hybrid,stage_c,20260310_011108,train,shear_modulus_vrh,regression,1.160786785663782,4.965398895230773,r2,0.7097444534301758,5.402951240539551,28.05745506286621,0.7097444534301758,,,9685,reports/gpt_eval_20260310_011108_stagec_hybrid/results.json
Stage C hybrid,stage_c,20260310_011108,train,homogeneous_poisson,regression,1.160786785663782,0.004158317979945465,r2,0.26562434434890747,0.037791892886161804,0.09250957518815994,0.26562434434890747,,,9752,reports/gpt_eval_20260310_011108_stagec_hybrid/results.json
Stage C hybrid,stage_c,20260310_011108,train,universal_anisotropy,regression,1.160786785663782,1.1231586149988986,r2,0.5845552682876587,1.4230724573135376,5.018405437469482,0.5845552682876587,,,9057,reports/gpt_eval_20260310_011108_stagec_hybrid/results.json
Stage C hybrid,stage_c,20260310_011108,train,is_metal,classification,1.160786785663782,0.3720353735631027,acc,0.8299220351568175,,,,0.8299220351568175,0.9081671268978782,123902,reports/gpt_eval_20260310_011108_stagec_hybrid/results.json
Stage C hybrid,stage_c,20260310_011108,train,is_stable,classification,1.160786785663782,0.3756469103700711,acc,0.8197284951009669,,,,0.8197284951009669,0.8527103448937132,123902,reports/gpt_eval_20260310_011108_stagec_hybrid/results.json
Stage C hybrid,stage_c,20260310_011108,val,energy_per_atom,regression,1.9628448357946782,1.5459728446121013,r2,0.6758549213409424,1.822527527809143,4.529512882232666,0.6758549213409424,,,15487,reports/gpt_eval_20260310_011108_stagec_hybrid/results.json
Stage C hybrid,stage_c,20260310_011108,val,formation_energy_per_atom,regression,1.9628448357946782,0.046507602933586564,r2,0.9203641414642334,0.1986551731824875,0.3385680615901947,0.9203641414642334,,,15487,reports/gpt_eval_20260310_011108_stagec_hybrid/results.json
Stage C hybrid,stage_c,20260310_011108,val,energy_above_hull,regression,1.9628448357946782,0.03074135184856722,r2,0.565158486366272,0.11703605204820633,0.30102500319480896,0.565158486366272,,,15487,reports/gpt_eval_20260310_011108_stagec_hybrid/results.json
Stage C hybrid,stage_c,20260310_011108,val,band_gap,regression,1.9628448357946782,0.28558649859061414,r2,0.6519370079040527,0.531278133392334,0.8844136595726013,0.6519370079040527,,,15487,reports/gpt_eval_20260310_011108_stagec_hybrid/results.json
Stage C hybrid,stage_c,20260310_011108,val,cbm,regression,1.9628448357946782,0.2881900269066161,r2,0.8620237112045288,0.6060681939125061,0.8561826348304749,0.8620237112045288,,,8836,reports/gpt_eval_20260310_011108_stagec_hybrid/results.json
Stage C hybrid,stage_c,20260310_011108,val,vbm,regression,1.9628448357946782,0.19811689512806513,r2,0.9160266518592834,0.4818494915962219,0.6919715404510498,0.9160266518592834,,,8836,reports/gpt_eval_20260310_011108_stagec_hybrid/results.json
Stage C hybrid,stage_c,20260310_011108,val,efermi,regression,1.9628448357946782,0.304748966850161,r2,0.8858389854431152,0.6153334975242615,0.9290781021118164,0.8858389854431152,,,15485,reports/gpt_eval_20260310_011108_stagec_hybrid/results.json
Stage C hybrid,stage_c,20260310_011108,val,bulk_modulus_vrh,regression,1.9628448357946782,7.938205913557462,r2,0.9136942028999329,8.398584365844727,22.03415298461914,0.9136942028999329,,,1348,reports/gpt_eval_20260310_011108_stagec_hybrid/results.json
Stage C hybrid,stage_c,20260310_011108,val,shear_modulus_vrh,regression,1.9628448357946782,10.045166952035181,r2,0.6864262819290161,10.517746925354004,28.895343780517578,0.6864262819290161,,,1293,reports/gpt_eval_20260310_011108_stagec_hybrid/results.json
Stage C hybrid,stage_c,20260310_011108,val,homogeneous_poisson,regression,1.9628448357946782,0.004502828269887854,r2,0.08300495147705078,0.04823252186179161,0.09591534733772278,0.08300495147705078,,,1304,reports/gpt_eval_20260310_011108_stagec_hybrid/results.json
Stage C hybrid,stage_c,20260310_011108,val,universal_anisotropy,regression,1.9628448357946782,1.4961107891500636,r2,0.3659825325012207,1.8191105127334595,5.066457748413086,0.3659825325012207,,,1213,reports/gpt_eval_20260310_011108_stagec_hybrid/results.json
Stage C hybrid,stage_c,20260310_011108,val,is_metal,classification,1.9628448357946782,0.37639934552559595,acc,0.8266933557176988,,,,0.8266933557176988,0.9070569836566408,15487,reports/gpt_eval_20260310_011108_stagec_hybrid/results.json
Stage C hybrid,stage_c,20260310_011108,val,is_stable,classification,1.9628448357946782,0.3860720567743928,acc,0.8127461742106282,,,,0.8127461742106282,0.8450131901948919,15487,reports/gpt_eval_20260310_011108_stagec_hybrid/results.json
Stage C hybrid,stage_c,20260310_011108,test,energy_per_atom,regression,1.859016448318242,1.5056792589308345,r2,0.6867195963859558,1.7827563285827637,4.455562114715576,0.6867195963859558,,,15489,reports/gpt_eval_20260310_011108_stagec_hybrid/results.json
Stage C hybrid,stage_c,20260310_011108,test,formation_energy_per_atom,regression,1.859016448318242,0.04645851140736053,r2,0.922805905342102,0.19998766481876373,0.3344135284423828,0.922805905342102,,,15489,reports/gpt_eval_20260310_011108_stagec_hybrid/results.json
Stage C hybrid,stage_c,20260310_011108,test,energy_above_hull,regression,1.859016448318242,0.029569353397212714,r2,0.5910695791244507,0.11640800535678864,0.2903682589530945,0.5910695791244507,,,15489,reports/gpt_eval_20260310_011108_stagec_hybrid/results.json
Stage C hybrid,stage_c,20260310_011108,test,band_gap,regression,1.859016448318242,0.29750909787936736,r2,0.6460294723510742,0.5438961982727051,0.907529890537262,0.6460294723510742,,,15489,reports/gpt_eval_20260310_011108_stagec_hybrid/results.json
Stage C hybrid,stage_c,20260310_011108,test,cbm,regression,1.859016448318242,0.30211797920222533,r2,0.8504952192306519,0.6202728748321533,0.8829441070556641,0.8504952192306519,,,8928,reports/gpt_eval_20260310_011108_stagec_hybrid/results.json
Stage C hybrid,stage_c,20260310_011108,test,vbm,regression,1.859016448318242,0.2024524062797794,r2,0.9123725891113281,0.4870204031467438,0.704550564289093,0.9123725891113281,,,8928,reports/gpt_eval_20260310_011108_stagec_hybrid/results.json
Stage C hybrid,stage_c,20260310_011108,test,efermi,regression,1.859016448318242,0.3093026580298409,r2,0.8881924748420715,0.6186635494232178,0.9329944849014282,0.8881924748420715,,,15483,reports/gpt_eval_20260310_011108_stagec_hybrid/results.json
Stage C hybrid,stage_c,20260310_011108,test,bulk_modulus_vrh,regression,1.859016448318242,7.269660903333347,r2,0.916971743106842,7.735812187194824,21.703275680541992,0.916971743106842,,,1287,reports/gpt_eval_20260310_011108_stagec_hybrid/results.json
Stage C hybrid,stage_c,20260310_011108,test,shear_modulus_vrh,regression,1.859016448318242,9.072993313477193,r2,0.7283890247344971,9.540993690490723,25.643131256103516,0.7283890247344971,,,1227,reports/gpt_eval_20260310_011108_stagec_hybrid/results.json
Stage C hybrid,stage_c,20260310_011108,test,homogeneous_poisson,regression,1.859016448318242,0.004286510360185958,r2,0.17812460660934448,0.04565241560339928,0.09279992431402206,0.17812460660934448,,,1236,reports/gpt_eval_20260310_011108_stagec_hybrid/results.json
Stage C hybrid,stage_c,20260310_011108,test,universal_anisotropy,regression,1.859016448318242,1.7988367721439913,r2,0.3691086769104004,2.116269588470459,6.786823749542236,0.3691086769104004,,,1148,reports/gpt_eval_20260310_011108_stagec_hybrid/results.json
Stage C hybrid,stage_c,20260310_011108,test,is_metal,classification,1.859016448318242,0.3831988649924261,acc,0.825359932855575,,,,0.825359932855575,0.9028014140046814,15489,reports/gpt_eval_20260310_011108_stagec_hybrid/results.json
Stage C hybrid,stage_c,20260310_011108,test,is_stable,classification,1.859016448318242,0.38008095564664124,acc,0.8151591451998192,,,,0.8151591451998192,0.847968445932743,15489,reports/gpt_eval_20260310_011108_stagec_hybrid/results.json
v4,stage_b,20260308_081747,train,energy_per_atom,regression,1.6160857677459717,1.3500369459948884,r2,0.7252476215362549,1.6160857677459717,4.167725086212158,0.7252476215362549,,,123902,reports/gpt_eval_v4_single_task/energy_per_atom/results.json
v4,stage_b,20260308_081747,val,energy_per_atom,regression,1.7430006265640259,1.4716349591584994,r2,0.6865158081054688,1.7430006265640259,4.454403877258301,0.6865158081054688,,,15487,reports/gpt_eval_v4_single_task/energy_per_atom/results.json
v4,stage_b,20260308_081747,test,energy_per_atom,regression,1.7021780014038086,1.4316546957504106,r2,0.6958154439926147,1.7021780014038086,4.390404224395752,0.6958154439926147,,,15489,reports/gpt_eval_v4_single_task/energy_per_atom/results.json
v4,stage_b,20260308_082806,train,formation_energy_per_atom,regression,0.1491130292415619,0.027784535206816015,r2,0.95255446434021,0.1491130292415619,0.26192620396614075,0.95255446434021,,,123902,reports/gpt_eval_v4_single_task/formation_energy_per_atom/results.json
v4,stage_b,20260308_082806,val,formation_energy_per_atom,regression,0.15483583509922028,0.030698841875777337,r2,0.9471567869186401,0.15483583509922028,0.2757948338985443,0.9471567869186401,,,15487,reports/gpt_eval_v4_single_task/formation_energy_per_atom/results.json
v4,stage_b,20260308_082806,test,formation_energy_per_atom,regression,0.1572076380252838,0.03128709865925256,r2,0.9481027126312256,0.1572076380252838,0.27419790625572205,0.9481027126312256,,,15489,reports/gpt_eval_v4_single_task/formation_energy_per_atom/results.json
v4,stage_b,20260308_083825,train,energy_above_hull,regression,0.09581274539232254,0.018520799353251283,r2,0.7539505958557129,0.09581274539232254,0.2245570868253708,0.7539505958557129,,,123902,reports/gpt_eval_v4_single_task/energy_above_hull/results.json
v4,stage_b,20260308_083825,val,energy_above_hull,regression,0.10073607414960861,0.02072003294241911,r2,0.7302430868148804,0.10073607414960861,0.23709551990032196,0.7302430868148804,,,15487,reports/gpt_eval_v4_single_task/energy_above_hull/results.json
v4,stage_b,20260308_083825,test,energy_above_hull,regression,0.10161034017801285,0.020641019201972425,r2,0.7378689050674438,0.10161034017801285,0.23247897624969482,0.7378689050674438,,,15489,reports/gpt_eval_v4_single_task/energy_above_hull/results.json
v4,stage_b,20260308_084843,train,band_gap,regression,0.49187806248664856,0.2572700728267368,r2,0.7032788991928101,0.49187806248664856,0.8233240842819214,0.7032788991928101,,,123902,reports/gpt_eval_v4_single_task/band_gap/results.json
v4,stage_b,20260308_084843,val,band_gap,regression,0.49540776014328003,0.2594695720612734,r2,0.6957281231880188,0.49540776014328003,0.8269084692001343,0.6957281231880188,,,15487,reports/gpt_eval_v4_single_task/band_gap/results.json
v4,stage_b,20260308_084843,test,band_gap,regression,0.5098312497138977,0.2718618872069986,r2,0.6882398128509521,0.5098312497138977,0.8517020344734192,0.6882398128509521,,,15489,reports/gpt_eval_v4_single_task/band_gap/results.json
v4,stage_b,20260308_085901,train,cbm,regression,0.5500354766845703,0.24761783119667427,r2,0.8823447227478027,0.5500354766845703,0.7876128554344177,0.8823447227478027,,,71574,reports/gpt_eval_v4_single_task/cbm/results.json
v4,stage_b,20260308_085901,val,cbm,regression,0.5644794702529907,0.25603893408246003,r2,0.8795080184936523,0.5644794702529907,0.8000980615615845,0.8795080184936523,,,8836,reports/gpt_eval_v4_single_task/cbm/results.json
v4,stage_b,20260308_085901,test,cbm,regression,0.5777365565299988,0.2702456097374803,r2,0.8688899874687195,0.5777365565299988,0.8268439769744873,0.8688899874687195,,,8928,reports/gpt_eval_v4_single_task/cbm/results.json
v4,stage_b,20260308_090919,train,vbm,regression,0.4405692219734192,0.17425226027589627,r2,0.9267971515655518,0.4405692219734192,0.6469934582710266,0.9267971515655518,,,71574,reports/gpt_eval_v4_single_task/vbm/results.json
v4,stage_b,20260308_090919,val,vbm,regression,0.4504035413265228,0.1798858700753117,r2,0.9235410094261169,0.4504035413265228,0.660285472869873,0.9235410094261169,,,8836,reports/gpt_eval_v4_single_task/vbm/results.json
v4,stage_b,20260308_090919,test,vbm,regression,0.45358583331108093,0.18325269230420416,r2,0.9208194613456726,0.45358583331108093,0.6697326302528381,0.9208194613456726,,,8928,reports/gpt_eval_v4_single_task/vbm/results.json
v4,stage_b,20260308_091936,train,efermi,regression,0.5669742822647095,0.27476136164040593,r2,0.8975132703781128,0.5669742822647095,0.8852062225341797,0.8975132703781128,,,123856,reports/gpt_eval_v4_single_task/efermi/results.json
v4,stage_b,20260308_091936,val,efermi,regression,0.5705663561820984,0.27478058930027127,r2,0.8962264060974121,0.5705663561820984,0.885802149772644,0.8962264060974121,,,15485,reports/gpt_eval_v4_single_task/efermi/results.json
v4,stage_b,20260308_091936,test,efermi,regression,0.5774298310279846,0.2816617451414516,r2,0.8973318934440613,0.5774298310279846,0.8940489888191223,0.8973318934440613,,,15483,reports/gpt_eval_v4_single_task/efermi/results.json
v4,stage_b,20260308_092955,train,is_metal,classification,0.14856095946796666,0.332289703761133,acc,0.8514390405320333,,,,0.8514390405320333,0.9270871632737042,123902,reports/gpt_eval_v4_single_task/is_metal/results.json
v4,stage_b,20260308_092955,val,is_metal,classification,0.15709950280880736,0.34931793111082965,acc,0.8429004971911926,,,,0.8429004971911926,0.9202453425854897,15487,reports/gpt_eval_v4_single_task/is_metal/results.json
v4,stage_b,20260308_092955,test,is_metal,classification,0.15746658919233003,0.35628523600911094,acc,0.84253341080767,,,,0.84253341080767,0.9165096649497046,15489,reports/gpt_eval_v4_single_task/is_metal/results.json
v4,stage_b,20260308_094013,train,is_stable,classification,0.1630320737356944,0.34391753537878894,acc,0.8369679262643056,,,,0.8369679262643056,0.8814857768719888,123902,reports/gpt_eval_v4_single_task/is_stable/results.json
v4,stage_b,20260308_094013,val,is_stable,classification,0.17524375282494997,0.3642792425317833,acc,0.82475624717505,,,,0.82475624717505,0.8665661562033592,15487,reports/gpt_eval_v4_single_task/is_stable/results.json
v4,stage_b,20260308_094013,test,is_stable,classification,0.17367163793660012,0.3564180884069132,acc,0.8263283620633999,,,,0.8263283620633999,0.8716695247543979,15489,reports/gpt_eval_v4_single_task/is_stable/results.json
v4,stage_b,20260308_162533,train,bulk_modulus_vrh,regression,3.6196749210357666,3.1844484631153263,r2,0.9613921046257019,3.6196749210357666,14.839142799377441,0.9613921046257019,,,10217,reports/gpt_eval_v4_single_task/bulk_modulus_vrh/results.json
v4,stage_b,20260308_162533,val,bulk_modulus_vrh,regression,8.44847583770752,7.983989734289306,r2,0.9136340618133545,8.44847583770752,22.041831970214844,0.9136340618133545,,,1348,reports/gpt_eval_v4_single_task/bulk_modulus_vrh/results.json
v4,stage_b,20260308_162533,test,bulk_modulus_vrh,regression,7.712730407714844,7.250602164291317,r2,0.9166747331619263,7.712730407714844,21.74205780029297,0.9166747331619263,,,1287,reports/gpt_eval_v4_single_task/bulk_modulus_vrh/results.json
v4,stage_b,20260308_163553,train,shear_modulus_vrh,regression,5.4190473556518555,4.982397533663445,r2,0.7084332704544067,5.4190473556518555,28.120756149291992,0.7084332704544067,,,9685,reports/gpt_eval_v4_single_task/shear_modulus_vrh/results.json
v4,stage_b,20260308_163553,val,shear_modulus_vrh,regression,10.517019271850586,10.044065694246536,r2,0.6862437725067139,10.517019271850586,28.903749465942383,0.6862437725067139,,,1293,reports/gpt_eval_v4_single_task/shear_modulus_vrh/results.json
v4,stage_b,20260308_163553,test,shear_modulus_vrh,regression,9.532392501831055,9.061550072256328,r2,0.7282027006149292,9.532392501831055,25.651927947998047,0.7282027006149292,,,1227,reports/gpt_eval_v4_single_task/shear_modulus_vrh/results.json
v4,stage_b,20260308_164612,train,homogeneous_poisson,regression,0.029334597289562225,0.0037123537504082857,r2,0.347778856754303,0.029334597289562225,0.08718162775039673,0.347778856754303,,,9752,reports/gpt_eval_v4_single_task/homogeneous_poisson/results.json
v4,stage_b,20260308_164612,val,homogeneous_poisson,regression,0.04185212031006813,0.004166050603868749,r2,0.15320801734924316,0.04185212031006813,0.09217071533203125,0.15320801734924316,,,1304,reports/gpt_eval_v4_single_task/homogeneous_poisson/results.json
v4,stage_b,20260308_164612,test,homogeneous_poisson,regression,0.04082243889570236,0.003997168600254003,r2,0.23364216089248657,0.04082243889570236,0.08961080759763718,0.23364216089248657,,,1236,reports/gpt_eval_v4_single_task/homogeneous_poisson/results.json
v4,stage_b,20260308_165632,train,universal_anisotropy,regression,1.3834139108657837,1.0887265539924063,r2,0.5898293256759644,1.3834139108657837,4.986449718475342,0.5898293256759644,,,9057,reports/gpt_eval_v4_single_task/universal_anisotropy/results.json
v4,stage_b,20260308_165632,val,universal_anisotropy,regression,1.8375555276870728,1.5106356445695803,r2,0.3635852336883545,1.8375555276870728,5.076026916503906,0.3635852336883545,,,1213,reports/gpt_eval_v4_single_task/universal_anisotropy/results.json
v4,stage_b,20260308_165632,test,universal_anisotropy,regression,2.1128039360046387,1.795655481643384,r2,0.37903982400894165,2.1128039360046387,6.733194828033447,0.37903982400894165,,,1148,reports/gpt_eval_v4_single_task/universal_anisotropy/results.json
zero,zero,20260308_193626,train,energy_per_atom,regression,0.12752626836299896,0.06676898505726934,r2,0.9834919571876526,0.12752626836299896,1.0215879678726196,0.9834919571876526,,,123902,reports/gpt_eval_zero_single_task/energy_per_atom/results.json
zero,zero,20260308_193626,val,energy_per_atom,regression,0.2761683464050293,0.19836599063084118,r2,0.9414100050926208,0.2761683464050293,1.9257217645645142,0.9414100050926208,,,15487,reports/gpt_eval_zero_single_task/energy_per_atom/results.json
zero,zero,20260308_193626,test,energy_per_atom,regression,0.24804382026195526,0.17104925035112528,r2,0.9597439765930176,0.24804382026195526,1.5971707105636597,0.9597439765930176,,,15489,reports/gpt_eval_zero_single_task/energy_per_atom/results.json
zero,zero,20260308_200735,train,formation_energy_per_atom,regression,0.01741851307451725,0.0005003069750332522,r2,0.9991857409477234,0.01741851307451725,0.03431344032287598,0.9991857409477234,,,123902,reports/gpt_eval_zero_single_task/formation_energy_per_atom/results.json
zero,zero,20260308_200735,val,formation_energy_per_atom,regression,0.03302862495183945,0.0024037540643229503,r2,0.9966024160385132,0.03302862495183945,0.06993196159601212,0.9966024160385132,,,15487,reports/gpt_eval_zero_single_task/formation_energy_per_atom/results.json
zero,zero,20260308_200735,test,formation_energy_per_atom,regression,0.032906387001276016,0.0024157271838565557,r2,0.9962942004203796,0.032906387001276016,0.07327134162187576,0.9962942004203796,,,15489,reports/gpt_eval_zero_single_task/formation_energy_per_atom/results.json
zero,zero,20260308_203846,train,energy_above_hull,regression,0.016831649467349052,0.00047130345334578665,r2,0.9947742819786072,0.016831649467349052,0.03272563964128494,0.9947742819786072,,,123902,reports/gpt_eval_zero_single_task/energy_above_hull/results.json
zero,zero,20260308_203846,val,energy_above_hull,regression,0.030749579891562462,0.0026804162894790286,r2,0.9733192324638367,0.030749579891562462,0.07456523180007935,0.9733192324638367,,,15487,reports/gpt_eval_zero_single_task/energy_above_hull/results.json
zero,zero,20260308_203846,test,energy_above_hull,regression,0.031189167872071266,0.0027939731188818366,r2,0.9706734418869019,0.031189167872071266,0.07775977998971939,0.9706734418869019,,,15489,reports/gpt_eval_zero_single_task/energy_above_hull/results.json
zero,zero,20260308_210954,train,band_gap,regression,0.11861124634742737,0.026411135405552455,r2,0.9705151915550232,0.11861124634742737,0.25953495502471924,0.9705151915550232,,,123902,reports/gpt_eval_zero_single_task/band_gap/results.json
zero,zero,20260308_210954,val,band_gap,regression,0.22516441345214844,0.08684316102469829,r2,0.8988560438156128,0.22516441345214844,0.47675636410713196,0.8988560438156128,,,15487,reports/gpt_eval_zero_single_task/band_gap/results.json
zero,zero,20260308_210954,test,band_gap,regression,0.2378099113702774,0.09507380574179372,r2,0.8922675848007202,0.2378099113702774,0.5006688237190247,0.8922675848007202,,,15489,reports/gpt_eval_zero_single_task/band_gap/results.json
zero,zero,20260308_214108,train,cbm,regression,0.11199460178613663,0.01551973035737203,r2,0.993290901184082,0.11199460178613663,0.18807822465896606,0.993290901184082,,,71574,reports/gpt_eval_zero_single_task/cbm/results.json
zero,zero,20260308_214108,val,cbm,regression,0.2835765480995178,0.08802190783625642,r2,0.9612082242965698,0.2835765480995178,0.45397716760635376,0.9612082242965698,,,8836,reports/gpt_eval_zero_single_task/cbm/results.json
zero,zero,20260308_214108,test,cbm,regression,0.29190874099731445,0.09439748491580101,r2,0.9568268060684204,0.29190874099731445,0.4744742512702942,0.9568268060684204,,,8928,reports/gpt_eval_zero_single_task/cbm/results.json
zero,zero,20260308_221320,train,vbm,regression,0.09024303406476974,0.010728368961444844,r2,0.9957370758056641,0.09024303406476974,0.1561310887336731,0.9957370758056641,,,71574,reports/gpt_eval_zero_single_task/vbm/results.json
zero,zero,20260308_221320,val,vbm,regression,0.2481788992881775,0.07152295268352701,r2,0.9705374240875244,0.2481788992881775,0.40987616777420044,0.9705374240875244,,,8836,reports/gpt_eval_zero_single_task/vbm/results.json
zero,zero,20260308_221320,test,vbm,regression,0.2519330680370331,0.07419734733924585,r2,0.9695186018943787,0.2519330680370331,0.41553711891174316,0.9695186018943787,,,8928,reports/gpt_eval_zero_single_task/vbm/results.json
zero,zero,20260308_224533,train,efermi,regression,0.24001750349998474,0.07664506107341901,r2,0.9713701605796814,0.24001750349998474,0.4678643047809601,0.9713701605796814,,,123856,reports/gpt_eval_zero_single_task/efermi/results.json
zero,zero,20260308_224533,val,efermi,regression,0.38483062386512756,0.1712023127093428,r2,0.9289916753768921,0.38483062386512756,0.7327366471290588,0.9289916753768921,,,15485,reports/gpt_eval_zero_single_task/efermi/results.json
zero,zero,20260308_224533,test,efermi,regression,0.3996788561344147,0.18071788918815157,r2,0.9282936453819275,0.3996788561344147,0.7471749782562256,0.9282936453819275,,,15483,reports/gpt_eval_zero_single_task/efermi/results.json
zero,zero,20260308_231645,train,is_metal,classification,0.08879598392277765,0.21496161713611273,acc,0.9112040160772223,,,,0.9112040160772223,0.9711993762411398,123902,reports/gpt_eval_zero_single_task/is_metal/results.json
zero,zero,20260308_231645,val,is_metal,classification,0.1232646735972106,0.2845303065390974,acc,0.8767353264027894,,,,0.8767353264027894,0.9498290624002461,15487,reports/gpt_eval_zero_single_task/is_metal/results.json
zero,zero,20260308_231645,test,is_metal,classification,0.12182839434437343,0.2923605129620608,acc,0.8781716056556266,,,,0.8781716056556266,0.9467304213204221,15489,reports/gpt_eval_zero_single_task/is_metal/results.json
zero,zero,20260308_234757,train,is_stable,classification,0.11283110845668354,0.2513359391671355,acc,0.8871688915433165,,,,0.8871688915433165,0.943190116815488,123902,reports/gpt_eval_zero_single_task/is_stable/results.json
zero,zero,20260308_234757,val,is_stable,classification,0.14889907664492796,0.317154466760377,acc,0.851100923355072,,,,0.851100923355072,0.9055923011870574,15487,reports/gpt_eval_zero_single_task/is_stable/results.json
zero,zero,20260308_234757,test,is_stable,classification,0.14900897411065916,0.3169458344722681,acc,0.8509910258893408,,,,0.8509910258893408,0.9040803247975187,15489,reports/gpt_eval_zero_single_task/is_stable/results.json
zero,zero,20260309_001909,train,volume,regression,82.78264617919922,82.29138611486655,r2,0.8378552198410034,82.78264617919922,231.55128479003906,0.8378552198410034,,,123890,reports/gpt_eval_zero_single_task/volume/results.json
zero,zero,20260309_001909,val,volume,regression,145.49745178222656,145.00428956070988,r2,0.6903637051582336,145.49745178222656,317.0638732910156,0.6903637051582336,,,15487,reports/gpt_eval_zero_single_task/volume/results.json
zero,zero,20260309_001909,test,volume,regression,153.58004760742188,153.08703121725023,r2,0.6745873689651489,153.58004760742188,340.63055419921875,0.6745873689651489,,,15488,reports/gpt_eval_zero_single_task/volume/results.json
zero,zero,20260309_013312,train,density,regression,0.0141762625426054,0.0002779950832682916,r2,0.9999269843101501,0.0141762625426054,0.023581568151712418,0.9999269843101501,,,123902,reports/gpt_eval_zero_single_task/density/results.json
zero,zero,20260309_013312,val,density,regression,0.018996866419911385,0.0011140639452205039,r2,0.9996975660324097,0.018996866419911385,0.04796570539474487,0.9996975660324097,,,15487,reports/gpt_eval_zero_single_task/density/results.json
zero,zero,20260309_013312,test,density,regression,0.019085319712758064,0.0011097702487289699,r2,0.9997029304504395,0.019085319712758064,0.047475218772888184,0.9997029304504395,,,15489,reports/gpt_eval_zero_single_task/density/results.json
zero,zero,20260309_024714,train,bulk_modulus_vrh,regression,4.166222095489502,3.7202873983925877,r2,0.958169162273407,4.166222095489502,15.446097373962402,0.958169162273407,,,10217,reports/gpt_eval_zero_single_task/bulk_modulus_vrh/results.json
zero,zero,20260309_024714,val,bulk_modulus_vrh,regression,8.910568237304688,8.44332947536943,r2,0.9227341413497925,8.910568237304688,20.848283767700195,0.9227341413497925,,,1348,reports/gpt_eval_zero_single_task/bulk_modulus_vrh/results.json
zero,zero,20260309_024714,test,bulk_modulus_vrh,regression,8.235160827636719,7.766932998127234,r2,0.9101845622062683,8.235160827636719,22.572921752929688,0.9101845622062683,,,1287,reports/gpt_eval_zero_single_task/bulk_modulus_vrh/results.json
zero,zero,20260309_032534,train,shear_modulus_vrh,regression,6.975113868713379,6.518012963966192,r2,0.692774772644043,6.975113868713379,28.865989685058594,0.692774772644043,,,9685,reports/gpt_eval_zero_single_task/shear_modulus_vrh/results.json
zero,zero,20260309_032534,val,shear_modulus_vrh,regression,11.747057914733887,11.27182680233984,r2,0.6614046692848206,11.747057914733887,30.026071548461914,0.6614046692848206,,,1293,reports/gpt_eval_zero_single_task/shear_modulus_vrh/results.json
zero,zero,20260309_032534,test,shear_modulus_vrh,regression,10.84227180480957,10.366149144090176,r2,0.7162132859230042,10.84227180480957,26.21159553527832,0.7162132859230042,,,1227,reports/gpt_eval_zero_single_task/shear_modulus_vrh/results.json
zero,zero,20260309_132811,train,homogeneous_poisson,regression,0.04465143010020256,0.0038730050164933736,r2,0.32931017875671387,0.04465143010020256,0.08840735256671906,0.32931017875671387,,,9752,reports/gpt_eval_zero_single_task/homogeneous_poisson/results.json
zero,zero,20260309_132811,val,homogeneous_poisson,regression,0.049809928983449936,0.004185654769512303,r2,0.15573465824127197,0.049809928983449936,0.09203310310840607,0.15573465824127197,,,1304,reports/gpt_eval_zero_single_task/homogeneous_poisson/results.json
zero,zero,20260309_132811,test,homogeneous_poisson,regression,0.04825880378484726,0.004310490925334435,r2,0.1734740138053894,0.04825880378484726,0.09306210279464722,0.1734740138053894,,,1236,reports/gpt_eval_zero_single_task/homogeneous_poisson/results.json
zero,zero,20260309_140536,train,universal_anisotropy,regression,1.4066436290740967,1.1602723335613763,r2,0.5346958041191101,1.4066436290740967,5.311016082763672,0.5346958041191101,,,9057,reports/gpt_eval_zero_single_task/universal_anisotropy/results.json
zero,zero,20260309_140536,val,universal_anisotropy,regression,1.8494423627853394,1.5447599752527894,r2,0.30231475830078125,1.8494423627853394,5.314759254455566,0.30231475830078125,,,1213,reports/gpt_eval_zero_single_task/universal_anisotropy/results.json
zero,zero,20260309_140536,test,universal_anisotropy,regression,2.27980637550354,1.9763358247083085,r2,0.2527517080307007,2.27980637550354,7.38621187210083,0.2527517080307007,,,1148,reports/gpt_eval_zero_single_task/universal_anisotropy/results.json
